case,bytes,category,profile,mode,engine,strict_all_six,strict_configurable_five,ns,round_min_ns,round_max_ns,speed_relative_to_v2
comment-question,160,comments,gfm,fresh,v2,yes,yes,170.88942166244522,168.6770084394484,171.19504035042576,1.0
comment-question,160,comments,gfm,fresh,ox-content,yes,yes,279.00001833916895,272.65214955372943,282.75168900315913,0.6125068474178447
comment-question,160,comments,gfm,fresh,v1,yes,yes,260.260294493793,260.15778728922,261.9841509397205,0.6566096530199722
comment-question,160,comments,gfm,fresh,md4c,yes,yes,1366.6407896811368,1359.3704603820124,1373.5097767871666,0.12504340786017148
comment-question,160,comments,gfm,fresh,pulldown-cmark,yes,yes,338.3072766660388,336.1495083345835,347.52630504727824,0.5051307892237249
comment-question,160,comments,gfm,fresh,bun,yes,yes,1041.5316887330973,1032.5808861478117,1045.3259981034491,0.16407510545388437
comment-links,278,comments,gfm,fresh,v2,yes,yes,486.38638270768223,485.29690356271783,491.65664741636886,1.0
comment-links,278,comments,gfm,fresh,ox-content,yes,yes,719.8241285782822,713.5087440050993,724.8512137681159,0.6757016935071896
comment-links,278,comments,gfm,fresh,v1,yes,yes,1022.6796044562551,1015.350687398539,1047.9318419949707,0.47559996365263124
comment-links,278,comments,gfm,fresh,md4c,yes,yes,2262.783566907776,2259.153261042084,2263.9023225587707,0.2149504662402853
comment-links,278,comments,gfm,fresh,pulldown-cmark,yes,yes,979.9808973354232,977.3138780313941,1000.0397563158353,0.4963223099860121
comment-links,278,comments,gfm,fresh,bun,yes,yes,2241.2242943548385,2229.6016942768692,2277.586648660418,0.21701816455085945
comment-quote,290,comments,gfm,fresh,v2,yes,yes,326.96628777620947,326.9599754315435,329.73515129407576,1.0
comment-quote,290,comments,gfm,fresh,ox-content,yes,yes,459.18267421414816,457.8638871648003,460.65724768633163,0.7120614651582494
comment-quote,290,comments,gfm,fresh,v1,yes,yes,483.314277695366,479.4021353373738,502.4623379722669,0.6765086463725307
comment-quote,290,comments,gfm,fresh,md4c,yes,yes,1754.2709063814866,1752.0945838523328,1787.3536120158901,0.1863830076568042
comment-quote,290,comments,gfm,fresh,pulldown-cmark,yes,yes,682.2337584563907,678.0542878239537,693.5718755020766,0.47925844144094726
comment-quote,290,comments,gfm,fresh,bun,yes,yes,1936.8789667182664,1927.9882270801231,1948.1816152366366,0.1688109032079593
comment-inline-code,285,comments,gfm,fresh,v2,yes,yes,339.3715051654987,337.95898838899404,340.2889380934786,1.0
comment-inline-code,285,comments,gfm,fresh,ox-content,yes,yes,462.14070275104336,460.477673521974,471.8750250873487,0.7343467111753608
comment-inline-code,285,comments,gfm,fresh,v1,yes,yes,849.8796843133923,845.3000629302975,865.4875188515553,0.39931711679833
comment-inline-code,285,comments,gfm,fresh,md4c,yes,yes,1846.4114810046058,1827.8782277793784,1854.917325049456,0.18380058218704945
comment-inline-code,285,comments,gfm,fresh,pulldown-cmark,yes,yes,862.0647904073219,854.845480177717,912.2327733998156,0.39367285259979956
comment-inline-code,285,comments,gfm,fresh,bun,yes,yes,1810.476801959458,1800.9569346000144,1836.4610298160687,0.1874486902003941
comment-table,310,comments,gfm,fresh,v2,yes,yes,1217.843856499513,1204.296433725011,1299.6013941238111,1.0
comment-table,310,comments,gfm,fresh,ox-content,yes,yes,1554.002930900621,1517.4938444211534,1566.8062137837626,0.7836818272882617
comment-table,310,comments,gfm,fresh,v1,yes,yes,1369.5504595215953,1361.3453142002177,1384.48489410299,0.8892289057570938
comment-table,310,comments,gfm,fresh,md4c,yes,yes,3256.288320883218,3249.443935678958,3282.1087534010803,0.37399755073567675
comment-table,310,comments,gfm,fresh,pulldown-cmark,yes,yes,1503.445539023371,1478.7208981796175,1520.616725059534,0.8100352323308079
comment-table,310,comments,gfm,fresh,bun,yes,yes,2607.485319010417,2607.0369720310327,2671.0873564725593,0.46705684117205487
comment-incident,1124,comments,gfm,fresh,v2,no,yes,1603.0907538018,1572.1792522212081,1622.4380222877835,1.0
comment-incident,1124,comments,gfm,fresh,ox-content,no,yes,2283.237853558394,2277.8512352003645,2297.4031583920223,0.7021129013358839
comment-incident,1124,comments,gfm,fresh,v1,no,yes,2001.3524499999999,1984.882566370777,2024.3621814320388,0.8010037181615862
comment-incident,1124,comments,gfm,fresh,md4c,no,yes,4204.285654362417,4190.643133361204,4208.096671412108,0.38129919933922996
comment-incident,1124,comments,gfm,fresh,pulldown-cmark,no,yes,2720.770210597826,2707.2568407676736,2734.24324426617,0.5892047581076529
comment-incident,1124,comments,gfm,fresh,bun,no,yes,6985.280100190099,6967.0719618055555,7128.045720880682,0.2294955579173086
legacy-contributing,9323,technical-docs,gfm,fresh,v2,no,yes,11623.346064814814,11501.061926605504,11750.296004342268,1.0
legacy-contributing,9323,technical-docs,gfm,fresh,ox-content,no,yes,14964.468936011905,14900.548363095237,15416.788194444445,0.7767296062771263
legacy-contributing,9323,technical-docs,gfm,fresh,v1,no,yes,20575.18545081967,20540.739754098362,20651.0837602459,0.5649205978044667
legacy-contributing,9323,technical-docs,gfm,fresh,md4c,no,yes,34747.43962321697,34516.34501689189,34911.50390625,0.3345094254670931
legacy-contributing,9323,technical-docs,gfm,fresh,pulldown-cmark,no,yes,26449.658133865247,26268.561197916664,26899.14228723404,0.4394516558961749
legacy-contributing,9323,technical-docs,gfm,fresh,bun,no,yes,57076.72230113637,56734.90760869565,57109.52059659091,0.20364424578359852
legacy-docs-migration-0-2,1985,technical-docs,gfm,fresh,v2,no,yes,2157.750641862416,2146.2761310034302,2162.4615995485747,1.0
legacy-docs-migration-0-2,1985,technical-docs,gfm,fresh,ox-content,no,yes,3320.6571024446275,3308.4049094709344,3339.1193506016043,0.649796282872419
legacy-docs-migration-0-2,1985,technical-docs,gfm,fresh,v1,no,yes,4979.815888973866,4968.536148313492,4989.522908366534,0.43329928052963407
legacy-docs-migration-0-2,1985,technical-docs,gfm,fresh,md4c,no,yes,7995.392515923567,7990.931429140128,8003.9402866242035,0.26987426040248247
legacy-docs-migration-0-2,1985,technical-docs,gfm,fresh,pulldown-cmark,no,yes,5851.888507593458,5745.683701261468,5877.1869131455405,0.3687272303740069
legacy-docs-migration-0-2,1985,technical-docs,gfm,fresh,bun,no,yes,11737.732330607476,11728.783148364486,11866.791568396227,0.18383028178584676
legacy-docs-migration-0-4,7045,technical-docs,gfm,fresh,v2,no,yes,7451.642857142857,7435.452440388137,7526.5763078511645,1.0
legacy-docs-migration-0-4,7045,technical-docs,gfm,fresh,ox-content,no,yes,10244.200944622153,10206.921239837398,10304.654969262296,0.7274010825661038
legacy-docs-migration-0-4,7045,technical-docs,gfm,fresh,v1,no,yes,17950.124330357146,17748.96544894366,18074.0796875,0.41513043141103384
legacy-docs-migration-0-4,7045,technical-docs,gfm,fresh,md4c,no,yes,27954.50173611111,27820.703125,28087.76909722222,0.26656325079537946
legacy-docs-migration-0-4,7045,technical-docs,gfm,fresh,pulldown-cmark,no,yes,19674.785400390625,19548.529435847355,19908.717261904763,0.37874074382508444
legacy-docs-migration-0-4,7045,technical-docs,gfm,fresh,bun,no,yes,39901.46728515625,39654.80810546875,40206.27783203125,0.18675109874756268
legacy-docs-releasing,4141,technical-docs,gfm,fresh,v2,no,yes,5241.52438546025,5238.311453974896,5300.696611006373,1.0
legacy-docs-releasing,4141,technical-docs,gfm,fresh,ox-content,no,yes,7408.021482879394,7367.35211988304,7459.753999255952,0.707547136246012
legacy-docs-releasing,4141,technical-docs,gfm,fresh,v1,no,yes,12787.566804846938,12690.716224747473,12817.461734693878,0.40989223872312663
legacy-docs-releasing,4141,technical-docs,gfm,fresh,md4c,no,yes,16472.461153772216,16234.540519376456,16490.88445723684,0.31819922575807286
legacy-docs-releasing,4141,technical-docs,gfm,fresh,pulldown-cmark,no,yes,14025.4265625,13974.017708333333,14220.713423295454,0.3737158625517027
legacy-docs-releasing,4141,technical-docs,gfm,fresh,bun,no,yes,27514.622622282608,27224.452763644775,27587.681046195652,0.19049959206837977
legacy-docs-markdown-extensions,3707,technical-docs,gfm,fresh,v2,no,yes,3890.5832201086955,3862.451919367284,3932.0277613993712,1.0
legacy-docs-markdown-extensions,3707,technical-docs,gfm,fresh,ox-content,no,yes,5529.03275518011,5522.569107929516,5559.002152777778,0.7036643464381065
legacy-docs-markdown-extensions,3707,technical-docs,gfm,fresh,v1,no,yes,9424.306625939851,9411.344337406015,9468.645205876908,0.41282434607975227
legacy-docs-markdown-extensions,3707,technical-docs,gfm,fresh,md4c,no,yes,13944.847395833334,13936.554166666667,14180.799608177987,0.2789979057978925
legacy-docs-markdown-extensions,3707,technical-docs,gfm,fresh,pulldown-cmark,no,yes,11098.061532079646,11086.533738938053,11104.8891039823,0.3505642141974722
legacy-docs-markdown-extensions,3707,technical-docs,gfm,fresh,bun,no,yes,25367.832499999997,25200.50875,25404.9365625,0.15336679710845205
legacy-docs-readme,1825,readme,gfm,fresh,v2,no,yes,5163.8248525873205,5158.492605452675,5201.414296442774,1.0
legacy-docs-readme,1825,readme,gfm,fresh,ox-content,no,yes,6929.922392955801,6801.761973505434,7010.414106145252,0.7451490160750283
legacy-docs-readme,1825,readme,gfm,fresh,v1,no,yes,8467.923775337837,8441.717111826592,8570.584351120586,0.6098100301311822
legacy-docs-readme,1825,readme,gfm,fresh,md4c,no,yes,14253.022904829544,14107.990870786516,14316.34765625,0.3622968185112221
legacy-docs-readme,1825,readme,gfm,fresh,pulldown-cmark,no,yes,8131.8717959361165,8061.462574958643,8243.975226151317,0.6350106079104604
legacy-docs-readme,1825,readme,gfm,fresh,bun,no,yes,16126.662059294871,16091.53345352564,16208.690104166668,0.32020419561102315
rust-book-ch03-04-comments,393,technical-docs,gfm,fresh,v2,no,yes,687.3203766693857,678.3326724607841,699.4131740946295,1.0
rust-book-ch03-04-comments,393,technical-docs,gfm,fresh,ox-content,no,yes,1178.7453619683401,1175.647867514469,1184.076201467803,0.5830948726039157
rust-book-ch03-04-comments,393,technical-docs,gfm,fresh,v1,no,yes,1522.5726909723767,1509.1089037997588,1528.9205952017114,0.4514204022866291
rust-book-ch03-04-comments,393,technical-docs,gfm,fresh,md4c,no,yes,3020.147012506548,3009.8610077328544,3036.909928701456,0.22757845026191273
rust-book-ch03-04-comments,393,technical-docs,gfm,fresh,pulldown-cmark,no,yes,1626.2614393693107,1610.1979166666665,1671.4765383199465,0.42263830404534414
rust-book-ch03-04-comments,393,technical-docs,gfm,fresh,bun,no,yes,3255.5799796232413,3237.6019366456467,3369.85067410352,0.21112071611551295
rust-book-ch00-00-introduction,10839,technical-docs,gfm,fresh,v2,no,yes,15607.157021604937,15491.80574845679,15627.846915991511,1.0
rust-book-ch00-00-introduction,10839,technical-docs,gfm,fresh,ox-content,no,yes,18836.66021455224,18816.083022388062,18865.69589552239,0.8285522403566873
rust-book-ch00-00-introduction,10839,technical-docs,gfm,fresh,v1,no,yes,21338.088188559323,21319.891419491527,21561.758890086207,0.7314224631414217
rust-book-ch00-00-introduction,10839,technical-docs,gfm,fresh,md4c,no,yes,36428.359375,36417.540625,36519.38482142857,0.42843425532679336
rust-book-ch00-00-introduction,10839,technical-docs,gfm,fresh,pulldown-cmark,no,yes,28743.944957386364,28644.904474431816,29101.851422106236,0.5429719909616773
rust-book-ch00-00-introduction,10839,technical-docs,gfm,fresh,bun,no,yes,76633.48529411765,76459.0762867647,77025.26011029413,0.20365975737244635
vue-docs-ways-of-using-vue,5883,technical-docs,gfm,fresh,v2,no,yes,5008.788312500001,4961.7166418650795,5212.743317232884,1.0
vue-docs-ways-of-using-vue,5883,technical-docs,gfm,fresh,ox-content,no,yes,8750.402364996116,8744.826486013986,8855.334397007042,0.5724066281267769
vue-docs-ways-of-using-vue,5883,technical-docs,gfm,fresh,v1,no,yes,9370.370818896588,9354.137360074626,9381.36916977612,0.5345346955105681
vue-docs-ways-of-using-vue,5883,technical-docs,gfm,fresh,md4c,no,yes,19007.669744318184,18916.587686567163,19082.056818181816,0.26351406457897025
vue-docs-ways-of-using-vue,5883,technical-docs,gfm,fresh,pulldown-cmark,no,yes,12869.815369897959,12712.278093434343,12888.641338365243,0.38918882427912516
vue-docs-ways-of-using-vue,5883,technical-docs,gfm,fresh,bun,no,yes,37449.67049632353,37208.9296875,37620.58915441176,0.13374719312928848
vue-docs-slots,24211,technical-docs,gfm,fresh,v2,no,yes,24900.41850490196,24654.25949754902,24908.139399509804,1.0
vue-docs-slots,24211,technical-docs,gfm,fresh,ox-content,no,yes,43163.02424568965,43025.49427083333,43300.37392241379,0.576892350340548
vue-docs-slots,24211,technical-docs,gfm,fresh,v1,no,yes,78959.8408203125,77836.53245634191,79940.0615234375,0.3153554800289859
vue-docs-slots,24211,technical-docs,gfm,fresh,md4c,no,yes,110516.78125,110244.61197916666,110842.1640625,0.22530893700726523
vue-docs-slots,24211,technical-docs,gfm,fresh,pulldown-cmark,no,yes,67610.60361842105,67417.0583881579,68393.49671052632,0.36829161658479326
vue-docs-slots,24211,technical-docs,gfm,fresh,bun,no,yes,169475.16015625,168220.345703125,169845.90625,0.14692665569364072
vite-docs-philosophy,3575,technical-docs,gfm,fresh,v2,no,yes,3289.86328125,3268.9209774804176,3321.553598009199,1.0
vite-docs-philosophy,3575,technical-docs,gfm,fresh,ox-content,no,yes,5224.8744140625,5147.77886192488,5232.546904543067,0.6296540396062899
vite-docs-philosophy,3575,technical-docs,gfm,fresh,v1,no,yes,6329.123658459595,6325.220328282829,6363.94138642132,0.5197975989697599
vite-docs-philosophy,3575,technical-docs,gfm,fresh,md4c,no,yes,12381.66031474471,12326.949142156864,12510.270781250001,0.26570453377179665
vite-docs-philosophy,3575,technical-docs,gfm,fresh,pulldown-cmark,no,yes,8290.763038079469,8267.367701480263,8445.753473324414,0.3968106754637251
vite-docs-philosophy,3575,technical-docs,gfm,fresh,bun,no,yes,22332.515066964286,22124.5625,22441.37109375,0.14731270846052535
vite-docs-api-plugin,31890,reference,gfm,fresh,v2,no,yes,69033.72861842105,67336.48601973684,69176.58059210527,1.0
vite-docs-api-plugin,31890,reference,gfm,fresh,ox-content,no,yes,89866.00223214287,89801.95647321429,92074.17522321429,0.768185152379343
vite-docs-api-plugin,31890,reference,gfm,fresh,v1,no,yes,101604.45793269231,101204.05649038462,103645.58533653847,0.6794360210469537
vite-docs-api-plugin,31890,reference,gfm,fresh,md4c,no,yes,163153.0,162744.138671875,166514.306640625,0.42312264327607246
vite-docs-api-plugin,31890,reference,gfm,fresh,pulldown-cmark,no,yes,105983.98828125,105935.29166666667,107037.68619791666,0.6513599812381664
vite-docs-api-plugin,31890,reference,gfm,fresh,bun,no,yes,216944.3203125,216237.15885416666,217452.4375,0.31820943050724076
typescript-handbook-the-handbook,5337,technical-docs,gfm,fresh,v2,no,yes,5174.496061466942,5172.734116735537,5881.468309859155,1.0
typescript-handbook-the-handbook,5337,technical-docs,gfm,fresh,ox-content,no,yes,8112.147801895685,8105.057762096774,8200.609477124184,0.6378700422911108
typescript-handbook-the-handbook,5337,technical-docs,gfm,fresh,v1,no,yes,7720.041859567901,7646.153010670731,7741.50993441358,0.6702678762102675
typescript-handbook-the-handbook,5337,technical-docs,gfm,fresh,md4c,no,yes,15946.84375,15892.79825949367,16000.964794303798,0.3244840259670157
typescript-handbook-the-handbook,5337,technical-docs,gfm,fresh,pulldown-cmark,no,yes,10599.884466021578,10595.475900423728,10831.952316810344,0.48816532652351347
typescript-handbook-the-handbook,5337,technical-docs,gfm,fresh,bun,no,yes,31952.8765625,31827.321875,31993.46171875,0.1619414781434654
typescript-handbook-compiler-options,54026,reference,gfm,fresh,v2,no,yes,21617.09375,21596.3677262931,21830.431573275862,1.0
typescript-handbook-compiler-options,54026,reference,gfm,fresh,ox-content,no,yes,34300.27956081081,34293.50633445946,34458.80405405405,0.6302308327159594
typescript-handbook-compiler-options,54026,reference,gfm,fresh,v1,no,yes,79662.4345703125,79646.55078125,79704.2353515625,0.2713586882775983
typescript-handbook-compiler-options,54026,reference,gfm,fresh,md4c,no,yes,126396.5859375,125706.8859375,126533.37812499999,0.17102593072165034
typescript-handbook-compiler-options,54026,reference,gfm,fresh,pulldown-cmark,no,yes,57846.45099431818,57605.579545454544,58766.16193181818,0.3736978393388954
typescript-handbook-compiler-options,54026,reference,gfm,fresh,bun,no,yes,145769.99131944444,145698.99826388888,145975.07638888888,0.14829591162304248
wiki-rainbow-first-paragraph,859,encyclopedia,commonmark,fresh,v2,no,yes,1171.7507506392249,1171.6657235910302,1193.9917397210634,1.0
wiki-rainbow-first-paragraph,859,encyclopedia,commonmark,fresh,ox-content,no,yes,2008.6758537690384,1997.736072284345,2013.303903422418,0.5833448679340549
wiki-rainbow-first-paragraph,859,encyclopedia,commonmark,fresh,v1,no,yes,3030.990579600484,2993.4746934808613,3151.1251574307307,0.3865900338079156
wiki-rainbow-first-paragraph,859,encyclopedia,commonmark,fresh,md4c,no,yes,5299.005273423532,5282.1509757383965,5321.375066489361,0.22112654926312064
wiki-rainbow-first-paragraph,859,encyclopedia,commonmark,fresh,pulldown-cmark,no,yes,3102.7862004950493,3092.576471659635,3124.814836444046,0.37764469574225645
wiki-rainbow-first-paragraph,859,encyclopedia,commonmark,fresh,bun,no,yes,6146.167585784314,6145.892463235294,6196.747911509901,0.1906473805480684
wiki-rainbow-article-body,48422,encyclopedia,commonmark,fresh,v2,no,no,36043.91383928571,35935.40446428572,36071.073214285716,1.0
wiki-rainbow-article-body,48422,encyclopedia,commonmark,fresh,ox-content,no,no,63470.46796875,63275.986718750006,64071.46328125,0.567884797336489
wiki-rainbow-article-body,48422,encyclopedia,commonmark,fresh,v1,no,no,95402.28683035714,94667.50669642858,96614.86538461538,0.37780974688141844
wiki-rainbow-article-body,48422,encyclopedia,commonmark,fresh,md4c,no,no,163441.93359375,161850.46484375,163906.53125,0.22053039294601215
wiki-rainbow-article-body,48422,encyclopedia,commonmark,fresh,pulldown-cmark,no,no,110925.2734375,109702.85416666666,111423.5234375,0.32493869721758567
wiki-rainbow-article-body,48422,encyclopedia,commonmark,fresh,bun,no,no,344343.8046875,344053.078125,344564.55859375,0.10467420452648016
wiki-tea-first-paragraph,1126,encyclopedia,commonmark,fresh,v2,no,yes,2076.9725394518273,2064.587613448845,2123.1036184210525,1.0
wiki-tea-first-paragraph,1126,encyclopedia,commonmark,fresh,ox-content,no,yes,3543.7844882344234,3542.2024167847026,3544.106497875354,0.5860888398680847
wiki-tea-first-paragraph,1126,encyclopedia,commonmark,fresh,v1,no,yes,7471.5175630881095,7435.731971153846,7479.215958150663,0.2779853653443569
wiki-tea-first-paragraph,1126,encyclopedia,commonmark,fresh,md4c,no,yes,8496.678809868543,8479.04761402027,8549.937712585033,0.24444522217781248
wiki-tea-first-paragraph,1126,encyclopedia,commonmark,fresh,pulldown-cmark,no,yes,5339.284590095926,5279.697916666667,5357.180137087937,0.3889982832727244
wiki-tea-first-paragraph,1126,encyclopedia,commonmark,fresh,bun,no,yes,9116.016904355762,9108.113239609043,9200.763593045565,0.22783772356317378
wiki-tea-article-body,58814,encyclopedia,commonmark,fresh,v2,no,no,59779.11532738095,58690.15909090909,61111.270833333336,1.0
wiki-tea-article-body,58814,encyclopedia,commonmark,fresh,ox-content,no,no,105657.29557291667,105636.59765625,106889.03385416666,0.5657831293450619
wiki-tea-article-body,58814,encyclopedia,commonmark,fresh,v1,no,no,193105.4017857143,192955.1919642857,194042.1830357143,0.3095672869561505
wiki-tea-article-body,58814,encyclopedia,commonmark,fresh,md4c,no,no,256354.609375,256270.5,259653.090625,0.23318915728928835
wiki-tea-article-body,58814,encyclopedia,commonmark,fresh,pulldown-cmark,no,no,181164.29910714284,180925.70982142858,183241.36160714284,0.3299718301122167
wiki-tea-article-body,58814,encyclopedia,commonmark,fresh,bun,no,no,460667.8541666666,460509.8229166666,466168.7083333334,0.12976619659194463
wiki-chess-first-paragraph,1190,encyclopedia,commonmark,fresh,v2,no,yes,1628.6221466545896,1626.9794712339483,1632.7807400456918,1.0
wiki-chess-first-paragraph,1190,encyclopedia,commonmark,fresh,ox-content,no,yes,2913.672238372093,2906.8045944227865,2933.1056727093483,0.5589585970604992
wiki-chess-first-paragraph,1190,encyclopedia,commonmark,fresh,v1,no,yes,5021.603165662651,4987.82937001992,5034.58578062249,0.32432314799205697
wiki-chess-first-paragraph,1190,encyclopedia,commonmark,fresh,md4c,no,yes,7436.966544273035,7394.977361969196,7455.8696056547615,0.2189901133693735
wiki-chess-first-paragraph,1190,encyclopedia,commonmark,fresh,pulldown-cmark,no,yes,4452.184412148861,4394.586210098661,4502.0068570143885,0.3658029398356682
wiki-chess-first-paragraph,1190,encyclopedia,commonmark,fresh,bun,no,yes,8553.761395140247,8523.292729591836,8572.37285958904,0.19039836060658397
wiki-chess-article-body,113609,encyclopedia,commonmark,fresh,v2,no,no,123884.45170454544,122592.25426136365,125599.4,1.0
wiki-chess-article-body,113609,encyclopedia,commonmark,fresh,ox-content,no,no,227276.703125,226569.890625,229283.2369791667,0.5450820519708532
wiki-chess-article-body,113609,encyclopedia,commonmark,fresh,v1,no,no,320375.9296875,319873.984375,322117.8125,0.3866846420871393
wiki-chess-article-body,113609,encyclopedia,commonmark,fresh,md4c,no,no,491212.5520833334,489216.8697916667,491956.5208333334,0.2522013152537044
wiki-chess-article-body,113609,encyclopedia,commonmark,fresh,pulldown-cmark,no,no,347585.0,344983.93359375,349928.12109375,0.3564148386856321
wiki-chess-article-body,113609,encyclopedia,commonmark,fresh,bun,no,no,899761.078125,899005.171875,904402.2109375,0.13768594209776955
wiki-volcano-first-paragraph,2644,encyclopedia,commonmark,fresh,v2,no,yes,2836.4779620181407,2820.6589336055863,3326.151387414287,1.0
wiki-volcano-first-paragraph,2644,encyclopedia,commonmark,fresh,ox-content,no,yes,4898.150390625,4887.6624755859375,4901.959749109605,0.5790916439493415
wiki-volcano-first-paragraph,2644,encyclopedia,commonmark,fresh,v1,no,yes,12275.317401960785,12217.92870145631,12326.352328431372,0.2310716594232471
wiki-volcano-first-paragraph,2644,encyclopedia,commonmark,fresh,md4c,no,yes,13141.172526041666,13057.18017578125,13156.093732867324,0.21584664202506545
wiki-volcano-first-paragraph,2644,encyclopedia,commonmark,fresh,pulldown-cmark,no,yes,8657.874030172414,8655.554540828543,8830.746258802817,0.3276182989187768
wiki-volcano-first-paragraph,2644,encyclopedia,commonmark,fresh,bun,no,yes,18136.81192740683,18096.231670548656,18146.94716938406,0.15639341541232463
wiki-volcano-article-body,69241,encyclopedia,commonmark,fresh,v2,no,no,64000.240625,63145.90078125,64733.278125,1.0
wiki-volcano-article-body,69241,encyclopedia,commonmark,fresh,ox-content,no,no,127360.7578125,125472.365625,127934.8265625,0.5025114621194458
wiki-volcano-article-body,69241,encyclopedia,commonmark,fresh,v1,no,no,199703.5513392857,199172.94419642858,204077.78794642858,0.3204762268662263
wiki-volcano-article-body,69241,encyclopedia,commonmark,fresh,md4c,no,no,302887.434375,299621.62812500005,303190.521875,0.21130041514288223
wiki-volcano-article-body,69241,encyclopedia,commonmark,fresh,pulldown-cmark,no,no,215427.9375,214849.3802083333,216934.8697916667,0.2970842192879463
wiki-volcano-article-body,69241,encyclopedia,commonmark,fresh,bun,no,no,535786.8333333333,535265.171875,537337.9114583333,0.1194509395216568
comment-question,160,comments,gfm,reuse,v2,yes,yes,118.85260272072463,118.65574737206246,119.31969093213628,1.0
comment-question,160,comments,gfm,reuse,ox-content,yes,yes,136.51260222302386,135.68487510194473,138.34037309756764,0.8706346577919035
comment-question,160,comments,gfm,reuse,v1,yes,yes,168.88755939002652,167.82275422680135,174.83325239212286,0.703738055958569
comment-question,160,comments,gfm,reuse,md4c,yes,yes,1322.6188670341285,1321.405392585577,1327.8509152834279,0.08986156608157457
comment-question,160,comments,gfm,reuse,pulldown-cmark,yes,yes,301.51483229664075,294.2711563105237,311.8106958017699,0.3941849288654341
comment-question,160,comments,gfm,reuse,bun,yes,yes,1039.7403569621254,1030.5589127634319,1049.0474548302686,0.11430988700677518
comment-links,278,comments,gfm,reuse,v2,yes,yes,408.6730715057457,408.28713723731005,410.75966369941034,1.0
comment-links,278,comments,gfm,reuse,ox-content,yes,yes,553.0170839592968,549.3467843804921,553.7157191098318,0.7389881494797093
comment-links,278,comments,gfm,reuse,v1,yes,yes,759.6005917259067,756.8012724041105,770.9826590063581,0.5380104701830074
comment-links,278,comments,gfm,reuse,md4c,yes,yes,2146.6913644136857,2142.133267337329,2172.3241370752016,0.19037346415066259
comment-links,278,comments,gfm,reuse,pulldown-cmark,yes,yes,862.0758318522813,858.0524622512011,874.9830144526384,0.4740569871071073
comment-links,278,comments,gfm,reuse,bun,yes,yes,2245.690860315599,2243.331511120059,2251.192113450651,0.18198100136022852
comment-quote,290,comments,gfm,reuse,v2,yes,yes,263.9569652660473,260.06743628395293,266.43334632509124,1.0
comment-quote,290,comments,gfm,reuse,ox-content,yes,yes,316.30724754468787,315.4285965730036,316.63989994975026,0.8344954701954955
comment-quote,290,comments,gfm,reuse,v1,yes,yes,318.6476987523574,316.07947363116597,321.66689615582845,0.8283661432345256
comment-quote,290,comments,gfm,reuse,md4c,yes,yes,1662.4574675864362,1654.0717592592594,1663.5331358211185,0.15877516893665936
comment-quote,290,comments,gfm,reuse,pulldown-cmark,yes,yes,576.6608933834709,575.3922716290842,579.6365539522485,0.4577334240879758
comment-quote,290,comments,gfm,reuse,bun,yes,yes,1938.563808139535,1938.53871124031,1941.6504617406295,0.13616109212281757
comment-inline-code,285,comments,gfm,reuse,v2,yes,yes,265.3594063422004,265.2328120985634,268.7350135538472,1.0
comment-inline-code,285,comments,gfm,reuse,ox-content,yes,yes,308.3429850415148,308.0419349640923,308.9878654655814,0.8605981624860797
comment-inline-code,285,comments,gfm,reuse,v1,yes,yes,662.8172767941942,660.3905919836238,663.9002300728498,0.40035076880561593
comment-inline-code,285,comments,gfm,reuse,md4c,yes,yes,1705.6652668826741,1702.9890833819904,1707.5104450886765,0.1555753121637866
comment-inline-code,285,comments,gfm,reuse,pulldown-cmark,yes,yes,704.3294703241975,700.3676309731619,704.6089498596709,0.3767546546363557
comment-inline-code,285,comments,gfm,reuse,bun,yes,yes,1802.5092309077809,1791.1882987003537,1812.544755889794,0.14721666984671136
comment-table,310,comments,gfm,reuse,v2,yes,yes,1140.5388987917008,1137.2097723136735,1143.4329157387212,1.0
comment-table,310,comments,gfm,reuse,ox-content,yes,yes,1325.249784825212,1317.7781329460915,1428.1418378995434,0.8606218328434796
comment-table,310,comments,gfm,reuse,v1,yes,yes,1167.5668073639542,1151.2616971685084,1203.6202539538515,0.9768510817524224
comment-table,310,comments,gfm,reuse,md4c,yes,yes,3165.22260320771,3148.631443485532,3180.075639603596,0.3603344983180179
comment-table,310,comments,gfm,reuse,pulldown-cmark,yes,yes,1373.2510428289465,1350.2613559665226,1389.8056301112122,0.830539255548024
comment-table,310,comments,gfm,reuse,bun,yes,yes,2609.77252848817,2596.786825726141,2610.951290530402,0.43702617233556756
comment-incident,1124,comments,gfm,reuse,v2,no,yes,1483.6748313247206,1482.9437223950795,1502.4176254236793,1.0
comment-incident,1124,comments,gfm,reuse,ox-content,no,yes,2102.7512605042016,2091.032661476625,2120.338850635593,0.7055874173957039
comment-incident,1124,comments,gfm,reuse,v1,no,yes,1711.8877286228285,1710.7550105500038,1770.1847816478075,0.8666893316177343
comment-incident,1124,comments,gfm,reuse,md4c,no,yes,4031.944110763925,4012.7486537616987,4120.4083059210525,0.36798000928728436
comment-incident,1124,comments,gfm,reuse,pulldown-cmark,no,yes,2539.7000929682217,2537.735230730223,2577.620734695176,0.5841929271226298
comment-incident,1124,comments,gfm,reuse,bun,no,yes,6984.497992318436,6931.990417817679,7040.716994382023,0.21242397563238888
legacy-contributing,9323,technical-docs,gfm,reuse,v2,no,yes,11541.737241972478,11488.527507297747,11679.09899213612,1.0
legacy-contributing,9323,technical-docs,gfm,reuse,ox-content,no,yes,14703.920513423393,14689.188801727087,14773.249632352941,0.7849428478231967
legacy-contributing,9323,technical-docs,gfm,reuse,v1,no,yes,19534.971168870194,19442.89903846154,19698.803466796875,0.5908243806555868
legacy-contributing,9323,technical-docs,gfm,reuse,md4c,no,yes,33856.69594594595,33798.52195945946,34420.667229729734,0.34089969264571734
legacy-contributing,9323,technical-docs,gfm,reuse,pulldown-cmark,no,yes,25635.759190051023,24914.581721813724,25650.639668367345,0.45022022388366434
legacy-contributing,9323,technical-docs,gfm,reuse,bun,no,yes,56887.3203125,56819.00883152174,57311.16832386363,0.20288769410424104
legacy-docs-migration-0-2,1985,technical-docs,gfm,reuse,v2,no,yes,2061.8140791426754,2059.8031669397733,2113.811855668265,1.0
legacy-docs-migration-0-2,1985,technical-docs,gfm,reuse,ox-content,no,yes,3099.719214108911,3061.4544238997555,3107.678892679901,0.665161563588718
legacy-docs-migration-0-2,1985,technical-docs,gfm,reuse,v1,no,yes,4563.831806569343,4551.349431818182,4566.1457572992695,0.4517725820164596
legacy-docs-migration-0-2,1985,technical-docs,gfm,reuse,md4c,no,yes,7607.741382575758,7593.792803030303,7644.846322408537,0.2710152692446816
legacy-docs-migration-0-2,1985,technical-docs,gfm,reuse,pulldown-cmark,no,yes,5479.145742358079,5447.762567934783,5529.066285792951,0.376302105491234
legacy-docs-migration-0-2,1985,technical-docs,gfm,reuse,bun,no,yes,11780.183411214952,11659.593315972223,11923.531845238096,0.17502393699403612
legacy-docs-migration-0-4,7045,technical-docs,gfm,reuse,v2,no,yes,7293.484556686046,7287.564771075581,7457.498139880952,1.0
legacy-docs-migration-0-4,7045,technical-docs,gfm,reuse,ox-content,no,yes,9845.416092519685,9818.362548828125,9996.75458829365,0.7408000320298767
legacy-docs-migration-0-4,7045,technical-docs,gfm,reuse,v1,no,yes,16789.669791666667,16753.791458333333,16987.047930743243,0.4344030970940281
legacy-docs-migration-0-4,7045,technical-docs,gfm,reuse,md4c,no,yes,26931.266954787236,26767.731050531915,27452.375339673912,0.27081847166457107
legacy-docs-migration-0-4,7045,technical-docs,gfm,reuse,pulldown-cmark,no,yes,19163.959043560608,19119.428977272728,19165.834280303032,0.38058339302998934
legacy-docs-migration-0-4,7045,technical-docs,gfm,reuse,bun,no,yes,39432.54296875,39376.01904296875,39979.2880859375,0.18496105012720276
legacy-docs-releasing,4141,technical-docs,gfm,reuse,v2,no,yes,5113.166709183673,5082.062630889783,5156.20820473251,1.0
legacy-docs-releasing,4141,technical-docs,gfm,reuse,ox-content,no,yes,7097.559586864407,7063.491790254237,7104.569587727112,0.7204119453462161
legacy-docs-releasing,4141,technical-docs,gfm,reuse,v1,no,yes,11974.97306547619,11894.068985849055,12304.806372549021,0.4269877419536681
legacy-docs-releasing,4141,technical-docs,gfm,reuse,md4c,no,yes,15824.896627768987,15799.916562005537,15914.694026898735,0.3231090116703362
legacy-docs-releasing,4141,technical-docs,gfm,reuse,pulldown-cmark,no,yes,13673.765285326088,13440.861630633723,13712.150475543478,0.37393992089880573
legacy-docs-releasing,4141,technical-docs,gfm,reuse,bun,no,yes,27239.48641304348,27143.567154255317,27361.174252717392,0.18771156811294581
legacy-docs-markdown-extensions,3707,technical-docs,gfm,reuse,v2,no,yes,3755.233765015015,3723.9793061755954,3866.3349260240534,1.0
legacy-docs-markdown-extensions,3707,technical-docs,gfm,reuse,ox-content,no,yes,5260.207917542017,5240.059884937238,5267.203847163866,0.7138945501549215
legacy-docs-markdown-extensions,3707,technical-docs,gfm,reuse,v1,no,yes,8792.87601109278,8679.117319953304,8872.302277650833,0.4270768472428754
legacy-docs-markdown-extensions,3707,technical-docs,gfm,reuse,md4c,no,yes,13649.736922554348,13533.498991935485,13722.342368908267,0.2751140030259483
legacy-docs-markdown-extensions,3707,technical-docs,gfm,reuse,pulldown-cmark,no,yes,10618.187897245763,10427.919750774792,10739.286191239316,0.3536605116951339
legacy-docs-markdown-extensions,3707,technical-docs,gfm,reuse,bun,no,yes,25352.119375000002,25312.935625,25375.122187499997,0.14812307048057258
legacy-docs-readme,1825,readme,gfm,reuse,v2,no,yes,4992.487861055777,4978.207209604044,5141.843045594262,1.0
legacy-docs-readme,1825,readme,gfm,reuse,ox-content,no,yes,6694.125584893049,6600.344325657895,6813.569463315218,0.7458013444388557
legacy-docs-readme,1825,readme,gfm,reuse,v1,no,yes,7675.869344325153,7671.733571889496,7680.120302914111,0.6504133456553391
legacy-docs-readme,1825,readme,gfm,reuse,md4c,no,yes,13676.313754180603,13523.236559139785,13698.241633196965,0.36504630931925375
legacy-docs-readme,1825,readme,gfm,reuse,pulldown-cmark,no,yes,7645.445121951219,7616.5941287878795,7712.03460506135,0.6530015952533091
legacy-docs-readme,1825,readme,gfm,reuse,bun,no,yes,15906.824367088608,15884.201344936708,15991.346716772152,0.3138582375615644
rust-book-ch03-04-comments,393,technical-docs,gfm,reuse,v2,no,yes,590.2010523290279,584.672735222297,593.8263358179458,1.0
rust-book-ch03-04-comments,393,technical-docs,gfm,reuse,ox-content,no,yes,970.9275038819876,964.0918345219739,989.826342360376,0.6078734508696795
rust-book-ch03-04-comments,393,technical-docs,gfm,reuse,v1,no,yes,1240.993727024051,1239.30899339934,1241.5313213784511,0.475587458241511
rust-book-ch03-04-comments,393,technical-docs,gfm,reuse,md4c,no,yes,2860.642619288319,2857.4929009703196,2870.688288417431,0.20631764637410746
rust-book-ch03-04-comments,393,technical-docs,gfm,reuse,pulldown-cmark,no,yes,1462.5745030258925,1460.7404879006313,1466.3137804800112,0.4035357180834017
rust-book-ch03-04-comments,393,technical-docs,gfm,reuse,bun,no,yes,3254.37364401549,3224.687208658822,3301.3065026775794,0.18135626602506333
rust-book-ch00-00-introduction,10839,technical-docs,gfm,reuse,v2,no,yes,15456.829668209877,15442.380979938273,15557.333912037036,1.0
rust-book-ch00-00-introduction,10839,technical-docs,gfm,reuse,ox-content,no,yes,18474.993106617647,18453.789522058825,18497.56893382353,0.8366352062493231
rust-book-ch00-00-introduction,10839,technical-docs,gfm,reuse,v1,no,yes,19573.623046875,19437.318509615383,19610.895263671875,0.7896764758978853
rust-book-ch00-00-introduction,10839,technical-docs,gfm,reuse,md4c,no,yes,36197.111607142855,35574.23046875,36282.19732142857,0.42701831670899804
rust-book-ch00-00-introduction,10839,technical-docs,gfm,reuse,pulldown-cmark,no,yes,27670.768682065216,27614.988111413044,27931.449305555558,0.558597769574367
rust-book-ch00-00-introduction,10839,technical-docs,gfm,reuse,bun,no,yes,76295.10477941176,76066.60202205883,76888.95955882352,0.20259267895233174
vue-docs-ways-of-using-vue,5883,technical-docs,gfm,reuse,v2,no,yes,4857.647407945737,4854.948643410853,5053.2778477822585,1.0
vue-docs-ways-of-using-vue,5883,technical-docs,gfm,reuse,ox-content,no,yes,8558.836979312273,8477.23975929054,8596.732448630137,0.567559286347812
vue-docs-ways-of-using-vue,5883,technical-docs,gfm,reuse,v1,no,yes,8661.440517241379,8595.413313356165,8668.73469827586,0.5608359716003535
vue-docs-ways-of-using-vue,5883,technical-docs,gfm,reuse,md4c,no,yes,18359.22463768116,18340.678442028984,18497.510799632353,0.26458891940216905
vue-docs-ways-of-using-vue,5883,technical-docs,gfm,reuse,pulldown-cmark,no,yes,12385.679874053581,12301.610140931372,12420.834003712871,0.39219868891669707
vue-docs-ways-of-using-vue,5883,technical-docs,gfm,reuse,bun,no,yes,37489.07398897059,37433.625,37681.12637867647,0.12957501722701587
vue-docs-slots,24211,technical-docs,gfm,reuse,v2,no,yes,22944.755397727273,22867.08863636364,23304.127314814814,1.0
vue-docs-slots,24211,technical-docs,gfm,reuse,ox-content,no,yes,43022.432165948274,42991.23489583333,43085.58604525862,0.5333207408921843
vue-docs-slots,24211,technical-docs,gfm,reuse,v1,no,yes,76315.90349264706,75061.64705882352,77097.72886029413,0.3006549663654047
vue-docs-slots,24211,technical-docs,gfm,reuse,md4c,no,yes,109037.9765625,108536.98567708333,109119.60026041666,0.2104290277669951
vue-docs-slots,24211,technical-docs,gfm,reuse,pulldown-cmark,no,yes,65924.25308388157,65477.05390625,66396.57565789475,0.3480472561218482
vue-docs-slots,24211,technical-docs,gfm,reuse,bun,no,yes,170022.125,169531.41015625,171070.447265625,0.13495158584641423
vite-docs-philosophy,3575,technical-docs,gfm,reuse,v2,no,yes,3074.3772653314245,3046.3828315085157,3085.0986610943864,1.0
vite-docs-philosophy,3575,technical-docs,gfm,reuse,ox-content,no,yes,5005.798534860558,4998.124229581674,5019.750609186747,0.61416320371692
vite-docs-philosophy,3575,technical-docs,gfm,reuse,v1,no,yes,5659.388858421487,5642.032024211712,5722.165596461187,0.5432348513667831
vite-docs-philosophy,3575,technical-docs,gfm,reuse,md4c,no,yes,11963.431845238094,11924.764732142858,12085.872145432691,0.2569812161846473
vite-docs-philosophy,3575,technical-docs,gfm,reuse,pulldown-cmark,no,yes,7830.816015625,7766.807938664597,7956.749288856527,0.39259985922246826
vite-docs-philosophy,3575,technical-docs,gfm,reuse,bun,no,yes,22122.442160087718,22069.42379385965,22160.678728070176,0.13897097088485436
vite-docs-api-plugin,31890,reference,gfm,reuse,v2,no,yes,68246.2697368421,67930.71792763157,70096.12239583333,1.0
vite-docs-api-plugin,31890,reference,gfm,reuse,ox-content,no,yes,90023.21875,88593.44791666666,91012.32366071429,0.7580963076466548
vite-docs-api-plugin,31890,reference,gfm,reuse,v1,no,yes,98673.46754807692,98557.56129807692,100292.64182692308,0.691637493164921
vite-docs-api-plugin,31890,reference,gfm,reuse,md4c,no,yes,160633.59765625,159548.734375,162045.029296875,0.42485675931187583
vite-docs-api-plugin,31890,reference,gfm,reuse,pulldown-cmark,no,yes,104319.05078125,103324.36538461538,105715.70442708333,0.6542071579998358
vite-docs-api-plugin,31890,reference,gfm,reuse,bun,no,yes,216557.40885416666,215250.43489583334,217683.40625,0.3151416989053479
typescript-handbook-the-handbook,5337,technical-docs,gfm,reuse,v2,no,yes,5064.872101209717,5028.791729417671,5100.609180562469,1.0
typescript-handbook-the-handbook,5337,technical-docs,gfm,reuse,ox-content,no,yes,7774.084627329192,7731.434413580248,7815.914104352678,0.6515071991118481
typescript-handbook-the-handbook,5337,technical-docs,gfm,reuse,v1,no,yes,6932.721685082873,6928.496460635359,6997.281337290503,0.7305748494285865
typescript-handbook-the-handbook,5337,technical-docs,gfm,reuse,md4c,no,yes,15571.089699074073,15536.653356481482,15572.517746913582,0.3252740944335384
typescript-handbook-the-handbook,5337,technical-docs,gfm,reuse,pulldown-cmark,no,yes,10244.833237538318,10234.971798780487,10487.666061580883,0.4943830693750493
typescript-handbook-the-handbook,5337,technical-docs,gfm,reuse,bun,no,yes,32195.1702724359,31728.02578125,32257.02203525641,0.15731776096696215
typescript-handbook-compiler-options,54026,reference,gfm,reuse,v2,no,yes,21666.32058189655,21624.77828663793,21732.26535560345,1.0
typescript-handbook-compiler-options,54026,reference,gfm,reuse,ox-content,no,yes,34149.42356418919,34083.0,34374.55067567568,0.6344564071827248
typescript-handbook-compiler-options,54026,reference,gfm,reuse,v1,no,yes,77635.4494485294,77584.26011029413,77648.50091911765,0.27907767309650017
typescript-handbook-compiler-options,54026,reference,gfm,reuse,md4c,no,yes,123766.14488636365,123693.44460227274,124166.75142045454,0.17505853964983367
typescript-handbook-compiler-options,54026,reference,gfm,reuse,pulldown-cmark,no,yes,55047.948369565216,54872.45923913043,55468.061820652176,0.39358997426097314
typescript-handbook-compiler-options,54026,reference,gfm,reuse,bun,no,yes,146569.58506944444,145802.12673611112,147690.19270833334,0.1478227598968168
wiki-rainbow-first-paragraph,859,encyclopedia,commonmark,reuse,v2,no,yes,1102.885692239859,1098.892025483304,1105.02660129973,1.0
wiki-rainbow-first-paragraph,859,encyclopedia,commonmark,reuse,ox-content,no,yes,1817.4222529742192,1799.8242038777817,1827.3141207594335,0.6068406450041987
wiki-rainbow-first-paragraph,859,encyclopedia,commonmark,reuse,v1,no,yes,2525.174489667339,2518.3940518108648,2536.184037237417,0.4367562308080939
wiki-rainbow-first-paragraph,859,encyclopedia,commonmark,reuse,md4c,no,yes,5162.86188271605,5149.58783436214,5185.673796712647,0.2136190580522869
wiki-rainbow-first-paragraph,859,encyclopedia,commonmark,reuse,pulldown-cmark,no,yes,2923.9172972689876,2918.068291083916,2940.1611772473075,0.3771945578864293
wiki-rainbow-first-paragraph,859,encyclopedia,commonmark,reuse,bun,no,yes,6155.068350508307,6152.6603094362745,6204.262840346535,0.17918333793137795
wiki-rainbow-article-body,48422,encyclopedia,commonmark,reuse,v2,no,no,35543.080729166664,35541.088975694445,36321.76964285714,1.0
wiki-rainbow-article-body,48422,encyclopedia,commonmark,reuse,ox-content,no,no,63182.02265625,62819.91640625,63270.453125,0.5625505362900997
wiki-rainbow-article-body,48422,encyclopedia,commonmark,reuse,v1,no,no,90192.45089285713,88668.21979166666,90755.98772321429,0.394080439962648
wiki-rainbow-article-body,48422,encyclopedia,commonmark,reuse,md4c,no,no,160013.130859375,159691.595703125,160512.953125,0.2221260251472933
wiki-rainbow-article-body,48422,encyclopedia,commonmark,reuse,pulldown-cmark,no,no,109118.33984375,108042.70833333334,109198.94140625,0.3257296690919411
wiki-rainbow-article-body,48422,encyclopedia,commonmark,reuse,bun,no,no,347854.1328125,343029.16796875,348948.4296875,0.10217811828708404
wiki-tea-first-paragraph,1126,encyclopedia,commonmark,reuse,v2,no,yes,1971.5922055083956,1956.8141329913074,1983.6807958283023,1.0
wiki-tea-first-paragraph,1126,encyclopedia,commonmark,reuse,ox-content,no,yes,3372.59303402965,3365.3799983198924,3374.1681266846363,0.5845923850327986
wiki-tea-first-paragraph,1126,encyclopedia,commonmark,reuse,v1,no,yes,6802.343070652174,6758.635234579337,6820.515964673913,0.28984016022575726
wiki-tea-first-paragraph,1126,encyclopedia,commonmark,reuse,md4c,no,yes,8366.761145833334,8292.394350165563,8401.669690995524,0.23564580978748903
wiki-tea-first-paragraph,1126,encyclopedia,commonmark,reuse,pulldown-cmark,no,yes,5071.301239878543,5054.186389649585,5099.267746961589,0.3887744214452571
wiki-tea-first-paragraph,1126,encyclopedia,commonmark,reuse,bun,no,yes,9093.6219895434,9049.040467625899,9120.779664855072,0.21681044228311838
wiki-tea-article-body,58814,encyclopedia,commonmark,reuse,v2,no,no,59632.61255411255,59200.45809659091,60906.39880952381,1.0
wiki-tea-article-body,58814,encyclopedia,commonmark,reuse,ox-content,no,no,106854.80338541666,106374.40755208333,107028.60677083333,0.5580714265040807
wiki-tea-article-body,58814,encyclopedia,commonmark,reuse,v1,no,no,186979.89732142858,185145.61160714284,187258.71875,0.31892526099530827
wiki-tea-article-body,58814,encyclopedia,commonmark,reuse,md4c,no,no,254408.490625,253692.540625,255187.55,0.23439710053549848
wiki-tea-article-body,58814,encyclopedia,commonmark,reuse,pulldown-cmark,no,no,178360.82198660716,177922.66015625,179684.4419642857,0.33433694625263766
wiki-tea-article-body,58814,encyclopedia,commonmark,reuse,bun,no,no,458472.484375,456732.78125,459947.2864583334,0.13006802935056194
wiki-chess-first-paragraph,1190,encyclopedia,commonmark,reuse,v2,no,yes,1527.4008373884228,1511.6186303953525,1592.2243375093599,1.0
wiki-chess-first-paragraph,1190,encyclopedia,commonmark,reuse,ox-content,no,yes,2705.893804112554,2696.781148976293,2751.6857486263734,0.5644718336939173
wiki-chess-first-paragraph,1190,encyclopedia,commonmark,reuse,v1,no,yes,4404.005253119594,4365.648845818815,4423.642281360424,0.3468208482055017
wiki-chess-first-paragraph,1190,encyclopedia,commonmark,reuse,md4c,no,yes,7210.533405172413,7202.355872844828,7220.996643184008,0.2118291049442688
wiki-chess-first-paragraph,1190,encyclopedia,commonmark,reuse,pulldown-cmark,no,yes,4223.418235885032,4185.689214962471,4249.660487288136,0.3616503865069737
wiki-chess-first-paragraph,1190,encyclopedia,commonmark,reuse,bun,no,yes,8565.36301369863,8508.05218962585,8710.440538194445,0.17832295431561307
wiki-chess-article-body,113609,encyclopedia,commonmark,reuse,v2,no,no,122835.109375,121216.65198863637,124887.3875,1.0
wiki-chess-article-body,113609,encyclopedia,commonmark,reuse,ox-content,no,no,226987.9921875,224618.9140625,227494.3828125,0.5411524556485522
wiki-chess-article-body,113609,encyclopedia,commonmark,reuse,v1,no,no,306727.796875,304642.490625,307535.303125,0.40046944106946614
wiki-chess-article-body,113609,encyclopedia,commonmark,reuse,md4c,no,no,485621.7708333334,482391.90625,489057.2864583334,0.2529439921200677
wiki-chess-article-body,113609,encyclopedia,commonmark,reuse,pulldown-cmark,no,no,337307.63671875,335178.3046875,343887.6015625,0.3641634401459489
wiki-chess-article-body,113609,encyclopedia,commonmark,reuse,bun,no,no,895606.4140625,891470.2578125,897687.953125,0.13715300320127893
wiki-volcano-first-paragraph,2644,encyclopedia,commonmark,reuse,v2,no,yes,2694.825060614224,2683.596463205122,2738.430080689278,1.0
wiki-volcano-first-paragraph,2644,encyclopedia,commonmark,reuse,ox-content,no,yes,4687.000643726592,4670.9788945895525,4690.583918539326,0.5749572627478013
wiki-volcano-first-paragraph,2644,encyclopedia,commonmark,reuse,v1,no,yes,11657.06719588309,11647.702546296296,11734.46159462617,0.2311752188891861
wiki-volcano-first-paragraph,2644,encyclopedia,commonmark,reuse,md4c,no,yes,12700.359532828283,12677.814236111111,12717.63999368687,0.2121849427686324
wiki-volcano-first-paragraph,2644,encyclopedia,commonmark,reuse,pulldown-cmark,no,yes,8335.773575469095,8281.394645619119,8466.979916787594,0.3232843402254449
wiki-volcano-first-paragraph,2644,encyclopedia,commonmark,reuse,bun,no,yes,18322.974864130432,18143.363451086956,18516.34627757353,0.14707355550051476
wiki-volcano-article-body,69241,encyclopedia,commonmark,reuse,v2,no,no,63669.87265625,63405.47578125,63952.78828125,1.0
wiki-volcano-article-body,69241,encyclopedia,commonmark,reuse,ox-content,no,no,125380.240625,124291.31392045454,125909.15625,0.5078142483924588
wiki-volcano-article-body,69241,encyclopedia,commonmark,reuse,v1,no,no,192082.09151785716,191724.00669642858,193121.05580357142,0.3314721958362831
wiki-volcano-article-body,69241,encyclopedia,commonmark,reuse,md4c,no,no,296832.41875,296589.565625,297511.50312500005,0.21449770521822425
wiki-volcano-article-body,69241,encyclopedia,commonmark,reuse,pulldown-cmark,no,no,205813.1875,205053.80357142858,207608.6484375,0.3093575947666133
wiki-volcano-article-body,69241,encyclopedia,commonmark,reuse,bun,no,no,538904.734375,532549.8385416667,539181.1197916667,0.11814680516787769
