case,category,size_bin,bytes,profile,output,mode,main_us,v2_us,main_over_v2,ratio_min,ratio_max,leader
comment-ack,comments,<512 B,37,gfm,exact,fresh,0.2742514187924175,0.4018822605881344,0.6852464731083459,0.6815137224889066,0.689007592649729,main
comment-ack,comments,<512 B,37,gfm,exact,owned,0.14697513638928952,0.10161748455451983,1.4469970151350857,1.426772010372267,1.4739844534257844,v2
comment-ack,comments,<512 B,37,gfm,exact,reuse,0.11004621766128275,0.07507394598814862,1.458088779021094,1.4494549679266944,1.4738667326222772,v2
comment-question,comments,<512 B,160,gfm,exact,fresh,0.2988915495090538,0.4194712274069435,0.710382752767999,0.7000068938891639,0.7167981091524014,main
comment-question,comments,<512 B,160,gfm,exact,owned,0.16475939740615775,0.12035909175525086,1.368898643246615,1.350399647020534,1.3857047266529694,v2
comment-question,comments,<512 B,160,gfm,exact,reuse,0.1308063260408528,0.09459477413528676,1.3842450399849966,1.3694818679039427,1.3918082449506306,v2
comment-review,comments,<512 B,282,gfm,exact,fresh,0.4081354475013059,0.4921544194835188,0.8298590297312823,0.8210743601221535,0.8353501611393537,main
comment-review,comments,<512 B,282,gfm,exact,owned,0.27444260771572415,0.19128531788133518,1.4198028378807361,1.4117625371220004,1.4545962380797959,v2
comment-review,comments,<512 B,282,gfm,exact,reuse,0.23758460466294984,0.16438706121124982,1.4475723008879129,1.439343875788043,1.45676233627128,v2
comment-links,comments,<512 B,278,gfm,exact,fresh,1.1245559802158274,0.7944499745848865,1.4175240014075507,1.4051534177017713,1.4212232500437232,v2
comment-links,comments,<512 B,278,gfm,exact,owned,0.6052394623031242,0.49246597295168065,1.2307823078047226,1.1994440667962616,1.2429996263503729,v2
comment-links,comments,<512 B,278,gfm,exact,reuse,0.5550473226971347,0.46449978324415375,1.19814668308859,1.1817771582196837,1.2147981333175015,v2
comment-checklist,comments,<512 B,287,gfm,serialization-equivalent,fresh,1.021874318875327,0.9142757897815913,1.1104198409177943,1.0988444504584478,1.1341187368886965,v2
comment-checklist,comments,<512 B,287,gfm,serialization-equivalent,owned,0.8536142457210487,0.6150664441747573,1.3934356820822122,1.3715687649973785,1.3981350253275462,v2
comment-checklist,comments,<512 B,287,gfm,serialization-equivalent,reuse,0.7622247662601626,0.5790648931571146,1.308324267800293,1.295415171945203,1.327404633686896,v2
comment-quote,comments,<512 B,290,gfm,exact,fresh,0.4587747541103934,0.5504128463254285,0.8343284197275813,0.8177950340157402,0.8400410729625309,main
comment-quote,comments,<512 B,290,gfm,exact,owned,0.3039099982170643,0.2530343065151679,1.1966808357326657,1.1920709261271705,1.2098659124712687,v2
comment-quote,comments,<512 B,290,gfm,exact,reuse,0.2597602134822121,0.2221668868483412,1.1663607865170682,1.1585767945031284,1.183502844472573,v2
comment-unicode,comments,<512 B,327,gfm,exact,fresh,0.957712073631536,0.709974939430648,1.3445827593242796,1.3369147266700396,1.3841633838796825,v2
comment-unicode,comments,<512 B,327,gfm,exact,owned,0.602777200115711,0.4111609640852482,1.4647645559927576,1.453940601511852,1.4786704283067038,v2
comment-unicode,comments,<512 B,327,gfm,exact,reuse,0.4753634024538633,0.3786971289788334,1.2577638596308498,1.2386192152667992,1.2675549893267672,v2
comment-inline-code,comments,<512 B,285,gfm,exact,fresh,0.7946923516949153,0.5615956516530907,1.4157353697503041,1.4054948518693526,1.4420481085356773,v2
comment-inline-code,comments,<512 B,285,gfm,exact,owned,0.44300463050463046,0.26375238410037133,1.6894370542164439,1.6760053896882972,1.7121346562836735,v2
comment-inline-code,comments,<512 B,285,gfm,exact,reuse,0.3929401508801341,0.23078234848857818,1.70252263244014,1.6937272604815998,1.7147857261732258,v2
comment-reproduction,comments,<512 B,298,gfm,exact,fresh,0.5400729622695852,0.6019747929506934,0.8952204480628256,0.8715466576085704,0.9017351730278366,main
comment-reproduction,comments,<512 B,298,gfm,exact,owned,0.4088841466073609,0.3028104896008268,1.350297168193755,1.3357285799287393,1.3641988333524242,v2
comment-reproduction,comments,<512 B,298,gfm,exact,reuse,0.3650473057156206,0.27380039934003036,1.3310499805761826,1.321639765531436,1.3438322278712709,v2
comment-table,comments,<512 B,310,gfm,exact,fresh,1.109663393279697,1.406351548440312,0.7886589044382178,0.7706068499476119,0.7952723231135334,main
comment-table,comments,<512 B,310,gfm,exact,owned,0.9603720683121671,1.1013515001174259,0.8704726589401809,0.8652215994316651,0.8759512991438128,main
comment-table,comments,<512 B,310,gfm,exact,reuse,0.8549255105762218,1.0790907717541436,0.7899873322074535,0.7830113372054557,0.7933954277339603,main
comment-review-long,comments,512 B–2 KiB,957,gfm,exact,fresh,1.5054424975915222,1.1530834972946384,1.3080614984857069,1.3009183480002655,1.3190509648961806,v2
comment-review-long,comments,512 B–2 KiB,957,gfm,exact,owned,1.0482638500670842,0.8289464064710043,1.263597000303928,1.2477724505175412,1.2734032210552693,v2
comment-review-long,comments,512 B–2 KiB,957,gfm,exact,reuse,0.9874382371524852,0.7986987968483815,1.2363086573422402,1.2308025793198518,1.2443334052341724,v2
comment-incident,comments,512 B–2 KiB,1124,gfm,exact,fresh,2.047860944323144,1.7869783727134148,1.152194341603139,1.1249249755561708,1.1592873588304375,v2
comment-incident,comments,512 B–2 KiB,1124,gfm,exact,owned,1.5880083149966147,1.4416745272140221,1.1033000870332377,1.0916521878810999,1.1092161615711464,v2
comment-incident,comments,512 B–2 KiB,1124,gfm,exact,reuse,1.5089888996138996,1.411183962974112,1.0707678484663006,1.062641999977627,1.077400742388076,v2
guard-angle-link,syntax-guard,<512 B,41,commonmark,different,fresh,0.8874824521961379,0.536427045194508,1.6686582713244047,1.6182086406335492,1.6855253454657904,v2
guard-angle-link,syntax-guard,<512 B,41,commonmark,different,owned,0.3900785072391413,0.23286942374565325,1.669806017694281,1.6604779217660313,1.6767923245671204,v2
guard-angle-link,syntax-guard,<512 B,41,commonmark,different,reuse,0.31013840467054776,0.20890441454991088,1.49017567817905,1.477694906823233,1.4983201318242556,v2
legacy-contributing,technical-docs,2–10 KiB,9323,gfm,heading-id-only,fresh,17.826546638257575,12.730898141891892,1.4014801335256297,1.3935969802782366,1.4133913843763384,v2
legacy-contributing,technical-docs,2–10 KiB,9323,gfm,heading-id-only,owned,16.761179241071428,12.294195844240837,1.3627855995447042,1.343758794753246,1.3722855745030773,v2
legacy-contributing,technical-docs,2–10 KiB,9323,gfm,heading-id-only,reuse,16.191738362068964,12.330129253926701,1.3142131578456693,1.2832325391769814,1.3316050084287516,v2
legacy-node-ferromark-readme,readme,2–10 KiB,9075,gfm,heading-id-only,fresh,18.601131889763778,12.71251418918919,1.4647430584334853,1.4430289397965619,1.4740396153119888,v2
legacy-node-ferromark-readme,readme,2–10 KiB,9075,gfm,heading-id-only,owned,16.9411157823741,12.290010143979059,1.3718286712358398,1.3654937287150095,1.384627300356045,v2
legacy-node-ferromark-readme,readme,2–10 KiB,9075,gfm,heading-id-only,reuse,16.23390797413793,12.259935221354166,1.324700882355535,1.3165762480869472,1.3470313739726878,v2
legacy-docs-migration-0-2,technical-docs,512 B–2 KiB,1985,gfm,heading-id-only,fresh,4.665589835984096,3.1079263245033113,1.5106999703631099,1.491380542163611,1.5255149082972224,v2
legacy-docs-migration-0-2,technical-docs,512 B–2 KiB,1985,gfm,heading-id-only,owned,4.132131657130281,2.772517102541371,1.4919558431628,1.478205009393839,1.512644134417954,v2
legacy-docs-migration-0-2,technical-docs,512 B–2 KiB,1985,gfm,heading-id-only,reuse,3.8947453799833887,2.7233413182346107,1.4312579432078698,1.4234244412913553,1.4418738823292097,v2
legacy-docs-migration-0-3,technical-docs,2–10 KiB,2379,gfm,heading-id-only,fresh,5.076927150974026,3.7384349082934607,1.359352841543691,1.3536819606438104,1.3818727251813767,v2
legacy-docs-migration-0-3,technical-docs,2–10 KiB,2379,gfm,heading-id-only,owned,4.365735102420857,3.3701546336206896,1.2936228350305343,1.2859482075184374,1.3027892788252335,v2
legacy-docs-migration-0-3,technical-docs,2–10 KiB,2379,gfm,heading-id-only,reuse,4.201706205197133,3.34664207382311,1.2415351577814655,1.235923935872688,1.2601629228275038,v2
legacy-docs-migration-0-4,technical-docs,2–10 KiB,7045,gfm,heading-id-only,fresh,13.867240992647059,8.965996660305343,1.5431173518068788,1.5277921872133597,1.554947629068793,v2
legacy-docs-migration-0-4,technical-docs,2–10 KiB,7045,gfm,heading-id-only,owned,12.932549278846155,8.33185117464539,1.5511641360431232,1.5317822850806244,1.5741603849361139,v2
legacy-docs-migration-0-4,technical-docs,2–10 KiB,7045,gfm,heading-id-only,reuse,12.458374669312168,8.334307624113475,1.5012534893869212,1.4728478364423767,1.5098288724610007,v2
legacy-docs-migration-0-8,technical-docs,2–10 KiB,2374,gfm,heading-id-only,fresh,5.768763436732187,3.653489680685358,1.5771869071399127,1.5536427073006354,1.5835900302434762,v2
legacy-docs-migration-0-8,technical-docs,2–10 KiB,2374,gfm,heading-id-only,owned,4.834662242268041,3.316756188118812,1.456832822044003,1.4461698476943403,1.4617240021378466,v2
legacy-docs-migration-0-8,technical-docs,2–10 KiB,2374,gfm,heading-id-only,reuse,4.612823366895874,3.292359770014045,1.3993937506349796,1.3893885424349954,1.409338490774219,v2
legacy-docs-releasing,technical-docs,2–10 KiB,4141,gfm,heading-id-only,fresh,10.856457465277778,6.209662946428572,1.7504366141474097,1.7386266317866765,1.7588022803101413,v2
legacy-docs-releasing,technical-docs,2–10 KiB,4141,gfm,heading-id-only,owned,9.802593359374999,5.818196184863524,1.6817436126219105,1.6576877106373966,1.6981206642133493,v2
legacy-docs-releasing,technical-docs,2–10 KiB,4141,gfm,heading-id-only,reuse,9.518930288461538,5.752109451593137,1.6669383182042425,1.644897981100755,1.7088023696799017,v2
legacy-docs-readme-theme,technical-docs,2–10 KiB,2848,gfm,serialization-equivalent,fresh,5.4759312354312355,3.198966490450205,1.70089796221745,1.6915559543915895,1.7174792531787033,v2
legacy-docs-readme-theme,technical-docs,2–10 KiB,2848,gfm,serialization-equivalent,owned,4.577751159667969,2.869863410342717,1.604059567922569,1.5882489697184448,1.6201875834678294,v2
legacy-docs-readme-theme,technical-docs,2–10 KiB,2848,gfm,serialization-equivalent,reuse,4.448608515180266,2.8108232164268583,1.5837432062253503,1.576716430759293,1.595171011226797,v2
legacy-docs-markdown-extensions,technical-docs,2–10 KiB,3707,gfm,serialization-equivalent,fresh,8.05995844072165,4.8308443930041145,1.6684367752341271,1.6521975460735512,1.6873893736560857,v2
legacy-docs-markdown-extensions,technical-docs,2–10 KiB,3707,gfm,serialization-equivalent,owned,7.060939006024097,4.473148258587787,1.5814803181095105,1.553551269758493,1.5884955625474662,v2
legacy-docs-markdown-extensions,technical-docs,2–10 KiB,3707,gfm,serialization-equivalent,reuse,6.911929411764706,4.415276306497175,1.5621978541237544,1.5516594140795374,1.5721377966163705,v2
legacy-docs-mdx,technical-docs,2–10 KiB,7422,gfm,heading-id-only,fresh,12.83330481557377,9.204355637254903,1.3938987659550806,1.3725276245593063,1.4220079402395416,v2
legacy-docs-mdx,technical-docs,2–10 KiB,7422,gfm,heading-id-only,owned,11.566970751231526,8.739965729553903,1.3247735831679017,1.3113607738845379,1.3290382169316448,v2
legacy-docs-mdx,technical-docs,2–10 KiB,7422,gfm,heading-id-only,reuse,11.03062646713615,8.739259061338291,1.264256977572969,1.2522348589651973,1.2795028805502415,v2
legacy-docs-readme,readme,512 B–2 KiB,1825,gfm,exact,fresh,6.6185482394366195,5.434790364583333,1.2173956693555898,1.2066307381392252,1.2236790324499962,v2
legacy-docs-readme,readme,512 B–2 KiB,1825,gfm,exact,owned,5.706150471411193,5.107871459694989,1.1206046656341035,1.1120567626751674,1.1249616943620446,v2
legacy-docs-readme,readme,512 B–2 KiB,1825,gfm,exact,reuse,5.486081702686916,5.049381182795699,1.0864955935266607,1.0762697840520568,1.1009572863665722,v2
legacy-docs-adr-readme-theme-composition,technical-docs,512 B–2 KiB,1532,gfm,serialization-equivalent,fresh,3.2927877018960676,2.1271894566696914,1.5398760068720618,1.5303559629418984,1.5644055596351538,v2
legacy-docs-adr-readme-theme-composition,technical-docs,512 B–2 KiB,1532,gfm,serialization-equivalent,owned,2.616975341796875,1.7910747946906036,1.4607623105885812,1.4443568842349293,1.4794281863856924,v2
legacy-docs-adr-readme-theme-composition,technical-docs,512 B–2 KiB,1532,gfm,serialization-equivalent,reuse,2.5211609543010756,1.7566653723802395,1.4328123277249263,1.4223307760774564,1.4469241579567051,v2
rust-book-ch03-04-comments,technical-docs,<512 B,393,gfm,serialization-equivalent,fresh,1.5400146805190538,1.1482270751714005,1.341157380050851,1.3243297437781874,1.3579035303939366,v2
rust-book-ch03-04-comments,technical-docs,<512 B,393,gfm,serialization-equivalent,owned,1.0062175831545064,0.8088089630779848,1.2421514838926309,1.2346472195812777,1.2503587065118387,v2
rust-book-ch03-04-comments,technical-docs,<512 B,393,gfm,serialization-equivalent,reuse,0.9402963673285198,0.7741014386558785,1.2119587529657554,1.1998084617492333,1.2278551012578844,v2
rust-book-appendix-02-operators,reference,10–50 KiB,22595,gfm,serialization-equivalent,fresh,61.586371794871795,56.20008705357143,1.0935895719891153,1.07567018455319,1.1262399762295627,v2
rust-book-appendix-02-operators,reference,10–50 KiB,22595,gfm,serialization-equivalent,owned,59.7265625,55.26553415697674,1.0787427261938864,1.0562654096295907,1.0820323535334775,v2
rust-book-appendix-02-operators,reference,10–50 KiB,22595,gfm,serialization-equivalent,reuse,59.0328125,55.16215479651163,1.0661719041744644,1.0512749553327387,1.0803783263503832,v2
rust-book-ch00-00-introduction,technical-docs,10–50 KiB,10839,gfm,exact,fresh,18.9273142641129,15.512815378289472,1.217884862185147,1.207518676041454,1.222441952026522,v2
rust-book-ch00-00-introduction,technical-docs,10–50 KiB,10839,gfm,exact,owned,17.391087962962963,15.003566281847133,1.1552955944834564,1.1402051458039906,1.1664284596986796,v2
rust-book-ch00-00-introduction,technical-docs,10–50 KiB,10839,gfm,exact,reuse,16.420272290209788,14.927561313291138,1.0999218798210266,1.0930025795153995,1.1073848063866232,v2
rust-book-ch17-00-async-await,technical-docs,2–10 KiB,9734,gfm,exact,fresh,13.040234375,8.795153558052434,1.4767346490546096,1.460538284658156,1.4989982578543122,v2
rust-book-ch17-00-async-await,technical-docs,2–10 KiB,9734,gfm,exact,owned,11.943964149746192,8.222779173951048,1.452979512536231,1.4284751274169305,1.4710065807466668,v2
rust-book-ch17-00-async-await,technical-docs,2–10 KiB,9734,gfm,exact,reuse,11.32041887019231,8.182613784843205,1.3866791803845941,1.3709614275731437,1.3942914391814372,v2
vue-docs-ways-of-using-vue,technical-docs,2–10 KiB,5883,gfm,heading-id-only,fresh,9.214966299019608,7.8269921875,1.177756446788253,1.1689712130703502,1.1848508207044786,v2
vue-docs-ways-of-using-vue,technical-docs,2–10 KiB,5883,gfm,heading-id-only,owned,8.321411458333333,7.386419811320755,1.1268145321806995,1.1194931086344582,1.144411845917973,v2
vue-docs-ways-of-using-vue,technical-docs,2–10 KiB,5883,gfm,heading-id-only,reuse,8.123738429930796,7.306740070093458,1.1115216493128346,1.0986996862492058,1.1259763297424623,v2
vue-docs-suspense,technical-docs,2–10 KiB,8291,gfm,serialization-equivalent,fresh,17.971771708015268,11.455411585365853,1.5751191269049276,1.5549444389260707,1.5875281825847432,v2
vue-docs-suspense,technical-docs,2–10 KiB,8291,gfm,serialization-equivalent,owned,16.285735026041667,10.81259591013825,1.4995753803837615,1.4885943365910284,1.5207496541233292,v2
vue-docs-suspense,technical-docs,2–10 KiB,8291,gfm,serialization-equivalent,reuse,15.575969163907285,10.837425547235023,1.4333205950753114,1.4193731446909355,1.4442681668344006,v2
vue-docs-slots,technical-docs,10–50 KiB,24211,gfm,different,fresh,60.70078766025642,39.79930243644068,1.5165316924260164,1.3407618810169706,1.6395661005259858,v2
vue-docs-slots,technical-docs,10–50 KiB,24211,gfm,different,owned,56.52061681547619,39.271310416666665,1.4484791543925528,1.3571877804393835,1.53902175145883,v2
vue-docs-slots,technical-docs,10–50 KiB,24211,gfm,different,reuse,56.99197098214285,39.54479166666666,1.4042042758899516,1.2917817340602467,1.6201945304574452,v2
vue-docs-reactivity-in-depth,technical-docs,10–50 KiB,24001,gfm,different,fresh,41.465574561403514,33.061619718309856,1.2610534578489405,1.2115880496562366,1.315270648557392,v2
vue-docs-reactivity-in-depth,technical-docs,10–50 KiB,24001,gfm,different,owned,38.74694723360656,32.06158488175676,1.2090915861150078,1.181557836770811,1.2524154539794743,v2
vue-docs-reactivity-in-depth,technical-docs,10–50 KiB,24001,gfm,different,reuse,38.063171875,32.068359375,1.1855372091277303,1.1572821917522853,1.269244420362448,v2
vite-docs-philosophy,technical-docs,2–10 KiB,3575,gfm,serialization-equivalent,fresh,6.34321858108108,4.722430960764587,1.3434139423376004,1.3313561177490156,1.3569979442653741,v2
vite-docs-philosophy,technical-docs,2–10 KiB,3575,gfm,serialization-equivalent,owned,5.453794186046512,4.416274305555556,1.2389478448087772,1.2260532363820809,1.246378686843579,v2
vite-docs-philosophy,technical-docs,2–10 KiB,3575,gfm,serialization-equivalent,reuse,5.217682291666667,4.3871957943925235,1.193627271661069,1.1851472268967507,1.2066500971204772,v2
vite-docs-performance,technical-docs,2–10 KiB,8184,gfm,serialization-equivalent,fresh,14.324973132621952,11.000097400700936,1.2959480832963333,1.2765418414032514,1.3127529318279085,v2
vite-docs-performance,technical-docs,2–10 KiB,8184,gfm,serialization-equivalent,owned,13.282574152542372,10.502522739955356,1.269325821203527,1.2551681840906437,1.2793137043653457,v2
vite-docs-performance,technical-docs,2–10 KiB,8184,gfm,serialization-equivalent,reuse,13.026171875,10.523922225336323,1.2475710377930482,1.2183430239351734,1.2516575395780984,v2
vite-docs-api-plugin,reference,10–50 KiB,31890,gfm,heading-id-only,fresh,82.72948168103447,85.25218638392856,0.9806244642438194,0.9392221203428054,0.9920647098321863,close/variable
vite-docs-api-plugin,reference,10–50 KiB,31890,gfm,heading-id-only,owned,80.26245625,81.66989870689655,0.9628514477598217,0.9145291307480724,1.0312428321661224,close/variable
vite-docs-api-plugin,reference,10–50 KiB,31890,gfm,heading-id-only,reuse,78.80776979166667,82.07803556034483,0.9596112110104585,0.9358294204597497,1.0102111287624198,close/variable
vite-docs-features,technical-docs,10–50 KiB,39739,gfm,different,fresh,113.49534970238095,84.27715736607144,1.3441652985610475,1.2858990843980713,1.4239982478789144,v2
vite-docs-features,technical-docs,10–50 KiB,39739,gfm,different,owned,109.32273863636364,81.04624676724137,1.3325182757469416,1.2354682969384991,1.435639454099126,v2
vite-docs-features,technical-docs,10–50 KiB,39739,gfm,different,reuse,109.30670028409091,82.38128556034482,1.3389336707324102,1.233677870299757,1.382184718552471,v2
typescript-handbook-the-handbook,technical-docs,2–10 KiB,5337,gfm,heading-id-only,fresh,7.530924479166667,7.022377151946108,1.0734110293129309,1.063752814433322,1.0843039700857051,v2
typescript-handbook-the-handbook,technical-docs,2–10 KiB,5337,gfm,heading-id-only,owned,6.425574315068493,6.391426856267031,1.0041156873765356,0.9979614651602358,1.0140313356793924,close/variable
typescript-handbook-the-handbook,technical-docs,2–10 KiB,5337,gfm,heading-id-only,reuse,6.226742125331565,6.376712550951087,0.9792925457643162,0.9741522801579388,0.986994793557519,close/variable
typescript-handbook-advanced-types,reference,10–50 KiB,36745,gfm,heading-id-only,fresh,74.5812578125,68.03337053571428,1.0898485166579133,1.027719966341479,1.1446228176006437,close/variable
typescript-handbook-advanced-types,reference,10–50 KiB,36745,gfm,heading-id-only,owned,69.80108823529412,64.51059206081081,1.0910928374574995,1.0223638263725345,1.1238937011579602,close/variable
typescript-handbook-advanced-types,reference,10–50 KiB,36745,gfm,heading-id-only,reuse,67.48850446428571,65.3310546875,1.0293544187079458,0.986601445293842,1.073804349486281,close/variable
typescript-handbook-compiler-options,reference,50–256 KiB,54026,gfm,heading-id-only,fresh,80.84581465517242,81.77792780172415,0.9886018981941962,0.9761974552155215,1.0174768369767144,close/variable
typescript-handbook-compiler-options,reference,50–256 KiB,54026,gfm,heading-id-only,owned,79.73637083333334,81.06416163793102,0.9855473345164004,0.9710481413466336,0.9924739311191191,close/variable
typescript-handbook-compiler-options,reference,50–256 KiB,54026,gfm,heading-id-only,reuse,78.4594625,80.97880711206898,0.9741700687113699,0.9617348882859721,0.9881470167364412,close/variable
typescript-handbook-typescript-5-0,technical-docs,10–50 KiB,50714,gfm,heading-id-only,fresh,112.45901636904762,84.33663504464286,1.34076331907304,1.3151411494046104,1.3835616621154536,v2
typescript-handbook-typescript-5-0,technical-docs,10–50 KiB,50714,gfm,heading-id-only,owned,111.58984375,83.43821875,1.3373948464114354,1.2574842544139773,1.4046985923791089,v2
typescript-handbook-typescript-5-0,technical-docs,10–50 KiB,50714,gfm,heading-id-only,reuse,105.88824728260869,81.07897844827586,1.2811735903922452,1.1869116880695316,1.315062887709107,v2
wiki-rainbow-first-paragraph,encyclopedia,512 B–2 KiB,859,commonmark,exact,fresh,2.7061391652249136,1.8945680533117932,1.4318062651407812,1.4159066210858533,1.4485981308411213,v2
wiki-rainbow-first-paragraph,encyclopedia,512 B–2 KiB,859,commonmark,exact,owned,1.8564842389152811,1.5477937706270628,1.1985050638534898,1.1895581776230328,1.2193319861208152,v2
wiki-rainbow-first-paragraph,encyclopedia,512 B–2 KiB,859,commonmark,exact,reuse,1.7807368783219437,1.5172085558252426,1.1721897347568562,1.1630886272340615,1.1793990547934312,v2
wiki-rainbow-lead,encyclopedia,512 B–2 KiB,1859,commonmark,serialization-equivalent,fresh,3.7734396101286176,2.7480873388042206,1.3700460817312947,1.3583520147187798,1.3788665117131007,v2
wiki-rainbow-lead,encyclopedia,512 B–2 KiB,1859,commonmark,serialization-equivalent,owned,2.8742021675857847,2.398750383435583,1.197175428914567,1.1878592552007334,1.2026068461662418,v2
wiki-rainbow-lead,encyclopedia,512 B–2 KiB,1859,commonmark,serialization-equivalent,reuse,2.773690199704142,2.380089371827411,1.1670483109148577,1.1551071004316673,1.1826475756337511,v2
wiki-rainbow-article-body,encyclopedia,10–50 KiB,48422,commonmark,different,fresh,75.2089443359375,52.86903958333333,1.4258302604981992,1.3614257662808604,1.5105219921344535,v2
wiki-rainbow-article-body,encyclopedia,10–50 KiB,48422,commonmark,different,owned,69.4233299632353,51.167402853260874,1.3488342636186537,1.319964134213207,1.3765365669448828,v2
wiki-rainbow-article-body,encyclopedia,10–50 KiB,48422,commonmark,different,reuse,66.21339670138889,51.360110733695656,1.2957497765395931,1.2296917153783982,1.357904720233078,v2
wiki-rainbow-plain-prose,plain-prose,10–50 KiB,38800,commonmark,serialization-equivalent,fresh,13.596828395953757,9.44937562751004,1.4426500960404849,1.430795449799804,1.4499800272543122,v2
wiki-rainbow-plain-prose,plain-prose,10–50 KiB,38800,commonmark,serialization-equivalent,owned,13.000604281767956,9.014623437500001,1.4371137902902202,1.4201656154629134,1.4558480102607352,v2
wiki-rainbow-plain-prose,plain-prose,10–50 KiB,38800,commonmark,serialization-equivalent,reuse,11.097908166273584,8.945109553231939,1.2414488307565266,1.2253861425267265,1.2487037302557051,v2
wiki-tea-first-paragraph,encyclopedia,512 B–2 KiB,1126,commonmark,exact,fresh,6.244583859707447,3.2873129821178124,1.8971735834512016,1.8767339685598579,1.9121412944690093,v2
wiki-tea-first-paragraph,encyclopedia,512 B–2 KiB,1126,commonmark,exact,owned,5.095802173913044,2.9305338671875,1.7434314151860646,1.7194197018001345,1.7537620235376579,v2
wiki-tea-first-paragraph,encyclopedia,512 B–2 KiB,1126,commonmark,exact,reuse,5.001715751599147,2.8933672549321825,1.722725294894735,1.7064672478753076,1.7377913967410465,v2
wiki-tea-lead,encyclopedia,2–10 KiB,6363,commonmark,exact,fresh,40.37310222457627,14.780750589622642,2.7370500245331026,2.6570403537997738,2.7732412848656094,v2
wiki-tea-lead,encyclopedia,2–10 KiB,6363,commonmark,exact,owned,38.234206653225804,14.0843001497006,2.7151219723225206,2.69888858389721,2.7500530909671426,v2
wiki-tea-lead,encyclopedia,2–10 KiB,6363,commonmark,exact,reuse,38.050025201612904,14.11088753742515,2.695595597678285,2.6575845579744786,2.7249933643681397,v2
wiki-tea-article-body,encyclopedia,50–256 KiB,58814,commonmark,serialization-equivalent,fresh,151.094970703125,92.27699278846153,1.6179624334185132,1.5464738071402004,1.6613662532337305,v2
wiki-tea-article-body,encyclopedia,50–256 KiB,58814,commonmark,serialization-equivalent,owned,147.758953125,92.67042307692307,1.609343141142556,1.5739279792084278,1.6311497405270636,v2
wiki-tea-article-body,encyclopedia,50–256 KiB,58814,commonmark,serialization-equivalent,reuse,144.7710625,91.05764182692307,1.5788950556846038,1.527352166181747,1.6108334251991117,v2
wiki-tea-plain-prose,plain-prose,10–50 KiB,40577,commonmark,serialization-equivalent,fresh,16.53232284330986,12.657370127688173,1.3045257144709774,1.2937746170301314,1.32416511789124,v2
wiki-tea-plain-prose,plain-prose,10–50 KiB,40577,commonmark,serialization-equivalent,owned,15.5690190397351,12.223795572916666,1.2774108237136692,1.2506688584806827,1.2890654856988035,v2
wiki-tea-plain-prose,plain-prose,10–50 KiB,40577,commonmark,serialization-equivalent,reuse,13.803232169117647,12.127845844072164,1.1395144583951413,1.128209103821111,1.1472263072332505,v2
wiki-chess-first-paragraph,encyclopedia,512 B–2 KiB,1190,commonmark,serialization-equivalent,fresh,4.291535763254114,2.5798983429592957,1.660685845699598,1.6524678035335094,1.674358773941182,v2
wiki-chess-first-paragraph,encyclopedia,512 B–2 KiB,1190,commonmark,serialization-equivalent,owned,3.3676302456958394,2.2502161708253356,1.500319871442548,1.4828645431244734,1.5109768164823945,v2
wiki-chess-first-paragraph,encyclopedia,512 B–2 KiB,1190,commonmark,serialization-equivalent,reuse,3.2828584558823533,2.2234041765402845,1.4807220944796307,1.458205717759216,1.488684415061078,v2
wiki-chess-lead,encyclopedia,2–10 KiB,4125,commonmark,serialization-equivalent,fresh,11.681902985074627,7.601507787216828,1.5306304065462013,1.496024887765075,1.5490257102635658,v2
wiki-chess-lead,encyclopedia,2–10 KiB,4125,commonmark,serialization-equivalent,owned,10.204795108695652,7.150164348323171,1.4250259968175747,1.4071447712439826,1.4329871665681186,v2
wiki-chess-lead,encyclopedia,2–10 KiB,4125,commonmark,serialization-equivalent,reuse,9.977000265957447,7.124497340425531,1.3908811515044466,1.3855958170160085,1.4161831661409587,v2
wiki-chess-article-body,encyclopedia,50–256 KiB,113609,commonmark,different,fresh,251.630078125,188.09615384615384,1.327662319286833,1.310433254239669,1.3598317010025216,v2
wiki-chess-article-body,encyclopedia,50–256 KiB,113609,commonmark,different,owned,245.01745000000003,185.3256201923077,1.3180837416710038,1.28864822539498,1.3749000124652082,v2
wiki-chess-article-body,encyclopedia,50–256 KiB,113609,commonmark,different,reuse,241.86861875,188.01201923076923,1.2695182758437737,1.2288138945539901,1.317769550586369,v2
wiki-chess-plain-prose,plain-prose,50–256 KiB,80966,commonmark,serialization-equivalent,fresh,36.927978515625,28.666396722560975,1.2881527063256888,1.2706131980474205,1.3191794009088276,v2
wiki-chess-plain-prose,plain-prose,50–256 KiB,80966,commonmark,serialization-equivalent,owned,36.66668701171875,28.361539909638555,1.2810622259206983,1.2509648895777883,1.3272811840270364,v2
wiki-chess-plain-prose,plain-prose,50–256 KiB,80966,commonmark,serialization-equivalent,reuse,32.69133376736111,28.124876116071427,1.1642617289006945,1.1489947017599107,1.1711079053650681,v2
wiki-volcano-first-paragraph,encyclopedia,2–10 KiB,2644,commonmark,serialization-equivalent,fresh,9.825112316945606,4.5568846480582526,2.1624015872790165,2.1465286240022228,2.193197433713401,v2
wiki-volcano-first-paragraph,encyclopedia,2–10 KiB,2644,commonmark,serialization-equivalent,owned,8.617771484375,4.222300303507194,2.041562203865207,2.036658858464812,2.0549216423901706,v2
wiki-volcano-first-paragraph,encyclopedia,2–10 KiB,2644,commonmark,serialization-equivalent,reuse,8.57036005930657,4.175315558274021,2.0363925222900146,2.017407893998919,2.0578803871669002,v2
wiki-volcano-lead,encyclopedia,2–10 KiB,4232,commonmark,serialization-equivalent,fresh,11.47102393292683,5.993170679209183,1.909063378052411,1.8884707343905753,1.9365412883278263,v2
wiki-volcano-lead,encyclopedia,2–10 KiB,4232,commonmark,serialization-equivalent,owned,10.397538716814159,5.605328908114559,1.8470202018448048,1.8253762099404,1.862064395961408,v2
wiki-volcano-lead,encyclopedia,2–10 KiB,4232,commonmark,serialization-equivalent,reuse,10.000415558510639,5.547475251182034,1.802043537779952,1.7837756028137355,1.8161064445945747,v2
wiki-volcano-article-body,encyclopedia,50–256 KiB,69241,commonmark,different,fresh,158.9519104166667,110.84511079545454,1.4247629331476193,1.4003391654977198,1.460157552443797,v2
wiki-volcano-article-body,encyclopedia,50–256 KiB,69241,commonmark,different,owned,155.34130859375,109.65411931818183,1.4166481802931479,1.3859818589327484,1.4439826961889295,v2
wiki-volcano-article-body,encyclopedia,50–256 KiB,69241,commonmark,different,reuse,150.4912109375,109.2100497159091,1.3941270601280178,1.3616897050099335,1.407607141717546,v2
wiki-volcano-plain-prose,plain-prose,10–50 KiB,47303,commonmark,serialization-equivalent,fresh,22.0391839953271,16.066976883561644,1.3666172359469824,1.3477730134132457,1.742553370676763,v2
wiki-volcano-plain-prose,plain-prose,10–50 KiB,47303,commonmark,serialization-equivalent,owned,20.795826327433627,15.562741514900663,1.336031807010003,1.3212942240139915,1.3570190048649566,v2
wiki-volcano-plain-prose,plain-prose,10–50 KiB,47303,commonmark,serialization-equivalent,reuse,18.699394593253967,15.461931332236842,1.2108392883204415,1.1990548333194735,1.216728457170676,v2
