case,profile,category,mode,baseline_ns_per_document,candidate_ns_per_document,baseline_over_candidate_median,baseline_over_candidate_min,baseline_over_candidate_max,pairs,round_medians
feature--parser.line_comments-plain-300,/private/tmp/ferromark-v2-feature-L2-screen.feature-scan-replay/configs/runtime-85adaf6f20609bb1f898fcfaa050e313ebaf9d72e313e8a4e4a3ef2a94f6222b.json,feature-line_comments,parse,139.8189363081594,121.23670078018135,1.1515612262920478,1.131496436878694,1.174804534877361,6,"[1.150564151217435, 1.152558301366661]"
feature--parser.line_comments-plain-300,/private/tmp/ferromark-v2-feature-L2-screen.feature-scan-replay/configs/runtime-85adaf6f20609bb1f898fcfaa050e313ebaf9d72e313e8a4e4a3ef2a94f6222b.json,feature-line_comments,reuse,190.98457486795655,172.55478975161935,1.1077127714115689,1.0917183603618326,1.1264394148940544,6,"[1.1019098271061716, 1.111707898209504]"
feature--parser.line_comments-active-300,/private/tmp/ferromark-v2-feature-L2-screen.feature-scan-replay/configs/runtime-85adaf6f20609bb1f898fcfaa050e313ebaf9d72e313e8a4e4a3ef2a94f6222b.json,feature-line_comments,parse,867.5855539084141,793.9775338565098,1.0935994583590816,1.0813730623248288,1.101567520472302,6,"[1.0904957362408738, 1.096703180477289]"
feature--parser.line_comments-active-300,/private/tmp/ferromark-v2-feature-L2-screen.feature-scan-replay/configs/runtime-85adaf6f20609bb1f898fcfaa050e313ebaf9d72e313e8a4e4a3ef2a94f6222b.json,feature-line_comments,reuse,992.0700721081282,929.8309341523377,1.0781513753958754,1.0443668739890102,1.0854004718874073,6,"[1.0851521430846869, 1.0557163202241018]"
feature--parser.line_comments-plain-4096,/private/tmp/ferromark-v2-feature-L2-screen.feature-scan-replay/configs/runtime-85adaf6f20609bb1f898fcfaa050e313ebaf9d72e313e8a4e4a3ef2a94f6222b.json,feature-line_comments,parse,1459.7613636363635,1235.9878496226102,1.1786894315092895,1.1730303554176604,1.1893311109137252,6,"[1.1763331668728396, 1.1810456961457392]"
feature--parser.line_comments-plain-4096,/private/tmp/ferromark-v2-feature-L2-screen.feature-scan-replay/configs/runtime-85adaf6f20609bb1f898fcfaa050e313ebaf9d72e313e8a4e4a3ef2a94f6222b.json,feature-line_comments,reuse,1990.0953631429898,1764.232599516591,1.1281440113720977,1.121067203743392,1.1441476956952719,6,"[1.125125315734253, 1.1311627070099428]"
feature--parser.line_comments-active-4096,/private/tmp/ferromark-v2-feature-L2-screen.feature-scan-replay/configs/runtime-85adaf6f20609bb1f898fcfaa050e313ebaf9d72e313e8a4e4a3ef2a94f6222b.json,feature-line_comments,parse,9818.247314453125,9033.463616071429,1.084973198023039,1.076235942677445,1.1193671324829524,6,"[1.0823569816277823, 1.0936755548784345]"
feature--parser.line_comments-active-4096,/private/tmp/ferromark-v2-feature-L2-screen.feature-scan-replay/configs/runtime-85adaf6f20609bb1f898fcfaa050e313ebaf9d72e313e8a4e4a3ef2a94f6222b.json,feature-line_comments,reuse,11103.743969298244,10318.220543032787,1.0759486952489228,1.0505549004257453,1.1060454899617735,6,"[1.074587566685611, 1.0773098238122347]"
feature--parser.line_comments-plain-65536,/private/tmp/ferromark-v2-feature-L2-screen.feature-scan-replay/configs/runtime-85adaf6f20609bb1f898fcfaa050e313ebaf9d72e313e8a4e4a3ef2a94f6222b.json,feature-line_comments,parse,22837.100446428572,19210.878314393936,1.1912882587227216,1.1732626696881956,1.2091408116770488,6,"[1.1955860264482954, 1.1892431753519026]"
feature--parser.line_comments-plain-65536,/private/tmp/ferromark-v2-feature-L2-screen.feature-scan-replay/configs/runtime-85adaf6f20609bb1f898fcfaa050e313ebaf9d72e313e8a4e4a3ef2a94f6222b.json,feature-line_comments,reuse,31317.551748511905,27764.266304347824,1.1289996154693318,1.1164024600425184,1.1471128609118006,6,"[1.1309877812245697, 1.1178174070055047]"
feature--parser.line_comments-active-65536,/private/tmp/ferromark-v2-feature-L2-screen.feature-scan-replay/configs/runtime-85adaf6f20609bb1f898fcfaa050e313ebaf9d72e313e8a4e4a3ef2a94f6222b.json,feature-line_comments,parse,155677.865625,143942.96875,1.0789075263438965,1.0708100523722526,1.0900170439635664,6,"[1.0735704284516545, 1.080434806215861]"
feature--parser.line_comments-active-65536,/private/tmp/ferromark-v2-feature-L2-screen.feature-scan-replay/configs/runtime-85adaf6f20609bb1f898fcfaa050e313ebaf9d72e313e8a4e4a3ef2a94f6222b.json,feature-line_comments,reuse,179078.77734375,168388.18359375,1.0637968310040173,1.0556543842067763,1.0694052302859052,6,"[1.0612706947785482, 1.0663229672294865]"
mixed--deflists--comment-ack,/private/tmp/ferromark-v2-feature-L2-screen.feature-scan-replay/configs/runtime-32091b4ab7e57b3d2d7c6a1c30555da0833951bc37fd6b40279af705ee9e38c4.json,mixed-docs-definition-lists,parse,110.75929148834385,107.09844015243854,1.0339996148516488,1.0201491904695734,1.0391640356439678,6,"[1.038671314221578, 1.0301330304580223]"
mixed--deflists--comment-ack,/private/tmp/ferromark-v2-feature-L2-screen.feature-scan-replay/configs/runtime-32091b4ab7e57b3d2d7c6a1c30555da0833951bc37fd6b40279af705ee9e38c4.json,mixed-docs-definition-lists,reuse,139.85929482502098,136.3321375984509,1.028062195290751,1.0087830420515287,1.0331150725793832,6,"[1.026910589617932, 1.0294711215002084]"
mixed--control--comment-ack,/private/tmp/ferromark-v2-feature-L2-screen.feature-scan-replay/configs/runtime-92d3aa20c19f6e36ddf6454cd4eea55f84dfaec2d4e7ab1ef73254252b27b2c8.json,mixed-docs-control,parse,52.82500570970822,53.492007383197844,0.9864327654785727,0.9640286823823472,1.0074170484302802,6,"[0.9950159653616508, 0.9722778235714773]"
mixed--control--comment-ack,/private/tmp/ferromark-v2-feature-L2-screen.feature-scan-replay/configs/runtime-92d3aa20c19f6e36ddf6454cd4eea55f84dfaec2d4e7ab1ef73254252b27b2c8.json,mixed-docs-control,reuse,81.7045462380445,82.57570628541693,0.9902512255174267,0.9749180406604939,1.0012236031105533,6,"[0.9963762004152051, 0.9754854366604013]"
mixed--deflists--comment-review,/private/tmp/ferromark-v2-feature-L2-screen.feature-scan-replay/configs/runtime-32091b4ab7e57b3d2d7c6a1c30555da0833951bc37fd6b40279af705ee9e38c4.json,mixed-docs-definition-lists,parse,337.68211480444336,314.99976564498763,1.0697260154581918,1.0490448677141806,1.0751635331540386,6,"[1.0715901432593462, 1.0678618876570374]"
mixed--deflists--comment-review,/private/tmp/ferromark-v2-feature-L2-screen.feature-scan-replay/configs/runtime-32091b4ab7e57b3d2d7c6a1c30555da0833951bc37fd6b40279af705ee9e38c4.json,mixed-docs-definition-lists,reuse,378.22421383903867,360.8614192153841,1.0489419510752185,1.038103160941925,1.0550629375091705,6,"[1.0514281370241212, 1.0464557651263158]"
mixed--control--comment-review,/private/tmp/ferromark-v2-feature-L2-screen.feature-scan-replay/configs/runtime-92d3aa20c19f6e36ddf6454cd4eea55f84dfaec2d4e7ab1ef73254252b27b2c8.json,mixed-docs-control,parse,107.14029962820422,107.74101469385698,0.9962283323073293,0.9874334119671684,1.007882381689076,6,"[0.992541032138023, 0.9993413261395979]"
mixed--control--comment-review,/private/tmp/ferromark-v2-feature-L2-screen.feature-scan-replay/configs/runtime-92d3aa20c19f6e36ddf6454cd4eea55f84dfaec2d4e7ab1ef73254252b27b2c8.json,mixed-docs-control,reuse,155.65779902998025,156.1588077939685,0.9962107591563052,0.9887962947290873,1.000648769047873,6,"[0.9994595009693085, 0.9888017190675215]"
mixed--deflists--comment-table,/private/tmp/ferromark-v2-feature-L2-screen.feature-scan-replay/configs/runtime-32091b4ab7e57b3d2d7c6a1c30555da0833951bc37fd6b40279af705ee9e38c4.json,mixed-docs-definition-lists,parse,1122.656474416517,1111.0505939165187,1.014608965027696,0.998872486590933,1.0202460054994622,6,"[1.0192391672295158, 1.0099787628258763]"
mixed--deflists--comment-table,/private/tmp/ferromark-v2-feature-L2-screen.feature-scan-replay/configs/runtime-32091b4ab7e57b3d2d7c6a1c30555da0833951bc37fd6b40279af705ee9e38c4.json,mixed-docs-definition-lists,reuse,1352.1948266240765,1348.5181738283518,1.0039310254721925,0.9864234120442722,1.023668547090985,6,"[1.0049730469792817, 0.988887368586213]"
mixed--control--comment-table,/private/tmp/ferromark-v2-feature-L2-screen.feature-scan-replay/configs/runtime-92d3aa20c19f6e36ddf6454cd4eea55f84dfaec2d4e7ab1ef73254252b27b2c8.json,mixed-docs-control,parse,199.6706839004658,191.96356904189176,1.0393774094154626,1.029605540540586,1.0560383946549061,6,"[1.0433993515682607, 1.0356186558498484]"
mixed--control--comment-table,/private/tmp/ferromark-v2-feature-L2-screen.feature-scan-replay/configs/runtime-92d3aa20c19f6e36ddf6454cd4eea55f84dfaec2d4e7ab1ef73254252b27b2c8.json,mixed-docs-control,reuse,264.0486063531904,256.9970063376221,1.0307581652070428,1.014312440310321,1.0411510499520318,6,"[1.0405312444027575, 1.0146364901585208]"
mixed--deflists--comment-incident,/private/tmp/ferromark-v2-feature-L2-screen.feature-scan-replay/configs/runtime-32091b4ab7e57b3d2d7c6a1c30555da0833951bc37fd6b40279af705ee9e38c4.json,mixed-docs-definition-lists,parse,1768.4461952683616,1754.5710304838226,1.0116391646905325,0.9798253824282047,1.0297791223963388,6,"[1.0088480275634228, 1.0144753118643863]"
mixed--deflists--comment-incident,/private/tmp/ferromark-v2-feature-L2-screen.feature-scan-replay/configs/runtime-32091b4ab7e57b3d2d7c6a1c30555da0833951bc37fd6b40279af705ee9e38c4.json,mixed-docs-definition-lists,reuse,2170.773623084291,2152.2065086513794,1.0069150529628594,0.9994052206029147,1.018521403007263,6,"[1.0045363216546446, 1.0092937842710743]"
mixed--control--comment-incident,/private/tmp/ferromark-v2-feature-L2-screen.feature-scan-replay/configs/runtime-92d3aa20c19f6e36ddf6454cd4eea55f84dfaec2d4e7ab1ef73254252b27b2c8.json,mixed-docs-control,parse,983.7996727279469,978.1208677351242,1.0056833778398948,0.9422002732396274,1.071665723426995,6,"[1.003661561018958, 1.0088934820859776]"
mixed--control--comment-incident,/private/tmp/ferromark-v2-feature-L2-screen.feature-scan-replay/configs/runtime-92d3aa20c19f6e36ddf6454cd4eea55f84dfaec2d4e7ab1ef73254252b27b2c8.json,mixed-docs-control,reuse,1229.2265941022079,1233.357783113187,0.9957603667264256,0.9760069887531613,1.0076660365842691,6,"[0.9985630643660524, 0.9832487237531176]"
mixed--deflists--legacy-node-ferromark-readme,/private/tmp/ferromark-v2-feature-L2-screen.feature-scan-replay/configs/runtime-32091b4ab7e57b3d2d7c6a1c30555da0833951bc37fd6b40279af705ee9e38c4.json,mixed-docs-definition-lists,parse,13768.342391304348,13332.87968195922,1.0293091817090017,1.0230293719096586,1.0569634420310108,6,"[1.0293611983998803, 1.0257794874323234]"
mixed--deflists--legacy-node-ferromark-readme,/private/tmp/ferromark-v2-feature-L2-screen.feature-scan-replay/configs/runtime-32091b4ab7e57b3d2d7c6a1c30555da0833951bc37fd6b40279af705ee9e38c4.json,mixed-docs-definition-lists,reuse,18759.592830882353,18241.536607142858,1.0294387209414562,1.0115514884614134,1.0481930819606,6,"[1.0286157090244166, 1.0321894831307024]"
mixed--deflists--legacy-docs-markdown-extensions,/private/tmp/ferromark-v2-feature-L2-screen.feature-scan-replay/configs/runtime-32091b4ab7e57b3d2d7c6a1c30555da0833951bc37fd6b40279af705ee9e38c4.json,mixed-docs-definition-lists,parse,6539.157964256647,6230.107827970297,1.0415244211861228,1.0357745617916205,1.0694750086376132,6,"[1.038254518425657, 1.067261267776583]"
mixed--deflists--legacy-docs-markdown-extensions,/private/tmp/ferromark-v2-feature-L2-screen.feature-scan-replay/configs/runtime-32091b4ab7e57b3d2d7c6a1c30555da0833951bc37fd6b40279af705ee9e38c4.json,mixed-docs-definition-lists,reuse,8034.046073717949,7796.893651138117,1.0343398265436377,1.0198591842844504,1.0416708774490646,6,"[1.0331824213423675, 1.035497231744908]"
mixed--deflists--rust-book-ch03-04-comments,/private/tmp/ferromark-v2-feature-L2-screen.feature-scan-replay/configs/runtime-32091b4ab7e57b3d2d7c6a1c30555da0833951bc37fd6b40279af705ee9e38c4.json,mixed-docs-definition-lists,parse,1009.0263608870968,963.5205845531586,1.0499051088426716,1.0111200814590575,1.0604498787524046,6,"[1.0525695908420794, 1.047240626843264]"
mixed--deflists--rust-book-ch03-04-comments,/private/tmp/ferromark-v2-feature-L2-screen.feature-scan-replay/configs/runtime-32091b4ab7e57b3d2d7c6a1c30555da0833951bc37fd6b40279af705ee9e38c4.json,mixed-docs-definition-lists,reuse,1263.207535727741,1213.675667475728,1.035826645105749,1.0301824095798204,1.059063262418286,6,"[1.031263202545223, 1.0403900876662748]"
mixed--deflists--vite-docs-api-plugin,/private/tmp/ferromark-v2-feature-L2-screen.feature-scan-replay/configs/runtime-32091b4ab7e57b3d2d7c6a1c30555da0833951bc37fd6b40279af705ee9e38c4.json,mixed-docs-definition-lists,parse,84849.203125,83623.291015625,1.0204655199591612,0.984263694051867,1.0424993742592845,6,"[1.017720416398375, 1.0232106235199474]"
mixed--deflists--vite-docs-api-plugin,/private/tmp/ferromark-v2-feature-L2-screen.feature-scan-replay/configs/runtime-32091b4ab7e57b3d2d7c6a1c30555da0833951bc37fd6b40279af705ee9e38c4.json,mixed-docs-definition-lists,reuse,111258.68229166666,108664.49479166667,1.0155204107575437,0.9728783564387208,1.0545621823234723,6,"[1.0124978510885385, 1.018542970426549]"
mixed--deflists--typescript-handbook-compiler-options,/private/tmp/ferromark-v2-feature-L2-screen.feature-scan-replay/configs/runtime-32091b4ab7e57b3d2d7c6a1c30555da0833951bc37fd6b40279af705ee9e38c4.json,mixed-docs-definition-lists,parse,24915.84014423077,24645.332932692305,1.007292888949623,0.9802612085795607,1.0251709039796482,6,"[0.9968740674026022, 1.0173246482353584]"
mixed--deflists--typescript-handbook-compiler-options,/private/tmp/ferromark-v2-feature-L2-screen.feature-scan-replay/configs/runtime-32091b4ab7e57b3d2d7c6a1c30555da0833951bc37fd6b40279af705ee9e38c4.json,mixed-docs-definition-lists,reuse,83873.453125,82600.09765625,1.017695428062968,0.9962129845530655,1.0365031523213635,6,"[1.0199659076153038, 1.0154249485106324]"
mixed--deflists--wiki-rainbow-first-paragraph,/private/tmp/ferromark-v2-feature-L2-screen.feature-scan-replay/configs/runtime-32091b4ab7e57b3d2d7c6a1c30555da0833951bc37fd6b40279af705ee9e38c4.json,mixed-docs-definition-lists,parse,1392.2482291666665,1352.9176791045647,1.0263209955948498,1.0049388051861161,1.0374468807532073,6,"[1.0362767693132235, 1.0252463499507827]"
mixed--deflists--wiki-rainbow-first-paragraph,/private/tmp/ferromark-v2-feature-L2-screen.feature-scan-replay/configs/runtime-32091b4ab7e57b3d2d7c6a1c30555da0833951bc37fd6b40279af705ee9e38c4.json,mixed-docs-definition-lists,reuse,1908.1813071646343,1883.2771087155506,1.0132238441305184,1.0052857787357,1.031367728982989,6,"[1.013305765156544, 1.013141923104493]"
mixed--deflists--wiki-tea-lead,/private/tmp/ferromark-v2-feature-L2-screen.feature-scan-replay/configs/runtime-32091b4ab7e57b3d2d7c6a1c30555da0833951bc37fd6b40279af705ee9e38c4.json,mixed-docs-definition-lists,parse,13050.92916932398,12849.516262755102,1.0173616242061951,0.9802015723480506,1.032753045946079,6,"[1.0144186566410691, 1.0251774296873435]"
mixed--deflists--wiki-tea-lead,/private/tmp/ferromark-v2-feature-L2-screen.feature-scan-replay/configs/runtime-32091b4ab7e57b3d2d7c6a1c30555da0833951bc37fd6b40279af705ee9e38c4.json,mixed-docs-definition-lists,reuse,18159.908382936508,17651.43923611111,1.0007238423060327,0.8117641388726679,1.3667843856401274,6,"[0.9934949038901283, 1.0753575005559062]"
mixed--deflists--wiki-tea-plain-prose,/private/tmp/ferromark-v2-feature-L2-screen.feature-scan-replay/configs/runtime-32091b4ab7e57b3d2d7c6a1c30555da0833951bc37fd6b40279af705ee9e38c4.json,mixed-docs-definition-lists,parse,31946.8421875,30392.392113095237,1.0519879994425647,1.0354943326480908,1.0752443163727463,6,"[1.0355300223539703, 1.0623823643161017]"
mixed--deflists--wiki-tea-plain-prose,/private/tmp/ferromark-v2-feature-L2-screen.feature-scan-replay/configs/runtime-32091b4ab7e57b3d2d7c6a1c30555da0833951bc37fd6b40279af705ee9e38c4.json,mixed-docs-definition-lists,reuse,36746.491319444445,34792.04929641813,1.0534852540266137,1.0467766166042536,1.066797867786056,6,"[1.0564864081060126, 1.0504840999472147]"
mixed--deflists--wiki-chess-article-body,/private/tmp/ferromark-v2-feature-L2-screen.feature-scan-replay/configs/runtime-32091b4ab7e57b3d2d7c6a1c30555da0833951bc37fd6b40279af705ee9e38c4.json,mixed-docs-definition-lists,parse,196084.47265625,189238.4453125,1.0337634881787041,1.0153735453944468,1.0448760356155409,6,"[1.0323346059817946, 1.040188936283077]"
mixed--deflists--wiki-chess-article-body,/private/tmp/ferromark-v2-feature-L2-screen.feature-scan-replay/configs/runtime-32091b4ab7e57b3d2d7c6a1c30555da0833951bc37fd6b40279af705ee9e38c4.json,mixed-docs-definition-lists,reuse,271938.1510416667,267646.484375,1.020166997725347,0.9912410366333982,1.0575894067587812,6,"[1.026050341642322, 1.0150120112320455]"
diagnostic--comment-inline-lookalike,/private/tmp/ferromark-v2-feature-L2-screen.feature-scan-replay/configs/runtime-85adaf6f20609bb1f898fcfaa050e313ebaf9d72e313e8a4e4a3ef2a94f6222b.json,diagnostic,parse,81.28212077240923,69.13147326046892,1.176558492087481,1.1691271905596168,1.1942870167615902,6,"[1.1761038243193085, 1.1786204307380033]"
diagnostic--comment-inline-lookalike,/private/tmp/ferromark-v2-feature-L2-screen.feature-scan-replay/configs/runtime-85adaf6f20609bb1f898fcfaa050e313ebaf9d72e313e8a4e4a3ef2a94f6222b.json,diagnostic,reuse,109.07981107661666,96.11850681891917,1.1319482944876647,1.115426977180422,1.1389996083337695,6,"[1.1341005540367242, 1.1198269566173962]"
diagnostic--comment-indented,/private/tmp/ferromark-v2-feature-L2-screen.feature-scan-replay/configs/runtime-85adaf6f20609bb1f898fcfaa050e313ebaf9d72e313e8a4e4a3ef2a94f6222b.json,diagnostic,parse,141.44182507730778,131.45434056443264,1.0789762956087912,1.061422069840687,1.090466509048085,6,"[1.0781619826628306, 1.0797906085547517]"
diagnostic--comment-indented,/private/tmp/ferromark-v2-feature-L2-screen.feature-scan-replay/configs/runtime-85adaf6f20609bb1f898fcfaa050e313ebaf9d72e313e8a4e4a3ef2a94f6222b.json,diagnostic,reuse,171.2248581566331,163.63906687285893,1.0397360417618824,1.021479255682306,1.0710668859136012,6,"[1.0379210903236324, 1.0467404908222115]"
diagnostic--comment-fenced,/private/tmp/ferromark-v2-feature-L2-screen.feature-scan-replay/configs/runtime-85adaf6f20609bb1f898fcfaa050e313ebaf9d72e313e8a4e4a3ef2a94f6222b.json,diagnostic,parse,133.59466233468464,117.10312029421985,1.1348968242840387,1.129394380906986,1.1549669284741375,6,"[1.1377490164127229, 1.1320446321553543]"
diagnostic--comment-fenced,/private/tmp/ferromark-v2-feature-L2-screen.feature-scan-replay/configs/runtime-85adaf6f20609bb1f898fcfaa050e313ebaf9d72e313e8a4e4a3ef2a94f6222b.json,diagnostic,reuse,187.09663087398982,171.11137274034513,1.0923630169549141,1.0896314980933173,1.1030047032619628,6,"[1.0896549856268922, 1.0929801100418584]"
diagnostic--comment-quote,/private/tmp/ferromark-v2-feature-L2-screen.feature-scan-replay/configs/runtime-85adaf6f20609bb1f898fcfaa050e313ebaf9d72e313e8a4e4a3ef2a94f6222b.json,diagnostic,parse,164.2259499880637,162.94320255474452,1.004452456619613,0.9919894436604052,1.023729314781733,6,"[1.005858325655976, 1.0014491284425073]"
diagnostic--comment-quote,/private/tmp/ferromark-v2-feature-L2-screen.feature-scan-replay/configs/runtime-85adaf6f20609bb1f898fcfaa050e313ebaf9d72e313e8a4e4a3ef2a94f6222b.json,diagnostic,reuse,204.6277037753178,201.30174842954665,1.016388427891815,1.0036413424658859,1.0302994482610703,6,"[1.0162657457472093, 1.0165111100364206]"
diagnostic--comment-url-path,/private/tmp/ferromark-v2-feature-L2-screen.feature-scan-replay/configs/runtime-9b571765aa93c17d75e0d9a9e5c25e62650d2a2b683df5d8a5741be1450c1809.json,diagnostic,parse,177.34590730913607,170.7683853763193,1.0395774798113244,1.0233489499027433,1.0436319700543562,6,"[1.0401804124252667, 1.0290785872966217]"
diagnostic--comment-url-path,/private/tmp/ferromark-v2-feature-L2-screen.feature-scan-replay/configs/runtime-9b571765aa93c17d75e0d9a9e5c25e62650d2a2b683df5d8a5741be1450c1809.json,diagnostic,reuse,239.11548624123958,233.29494355176075,1.0235186958637126,1.0133800352980402,1.0456125603393556,6,"[1.0161356633394278, 1.0360154686049659]"
diagnostic--comment-url-query,/private/tmp/ferromark-v2-feature-L2-screen.feature-scan-replay/configs/runtime-85adaf6f20609bb1f898fcfaa050e313ebaf9d72e313e8a4e4a3ef2a94f6222b.json,diagnostic,parse,245.9531624432789,243.18779198736334,1.0068105207507103,1.002140221313138,1.0335772099947624,6,"[1.0054326820009682, 1.0208309718792312]"
diagnostic--comment-url-query,/private/tmp/ferromark-v2-feature-L2-screen.feature-scan-replay/configs/runtime-85adaf6f20609bb1f898fcfaa050e313ebaf9d72e313e8a4e4a3ef2a94f6222b.json,diagnostic,reuse,306.79943295614567,304.6086905012137,1.0086386235645408,0.9999500090608576,1.0239491243869847,6,"[1.003171887138927, 1.0123065655032026]"
diagnostic--comment-email,/private/tmp/ferromark-v2-feature-L2-screen.feature-scan-replay/configs/runtime-9b571765aa93c17d75e0d9a9e5c25e62650d2a2b683df5d8a5741be1450c1809.json,diagnostic,parse,158.70817787577596,155.62838443106463,1.0194222126561687,0.9738387958984783,1.0219060527801849,6,"[0.9949717450844267, 1.0210002684045338]"
diagnostic--comment-email,/private/tmp/ferromark-v2-feature-L2-screen.feature-scan-replay/configs/runtime-9b571765aa93c17d75e0d9a9e5c25e62650d2a2b683df5d8a5741be1450c1809.json,diagnostic,reuse,224.17995895763164,222.77657771410804,1.0010735032055906,0.9846338379840842,1.0135694042978638,6,"[0.9946071065730058, 1.0075398998381755]"
diagnostic--comment-span-sensitive,/private/tmp/ferromark-v2-feature-L2-screen.feature-scan-replay/configs/runtime-4aa832915e7c5b2ae041e9aaf6c0081d8c11b10c8ca3bc243d5c5b70a728cd8c.json,diagnostic,parse,101.3699756841175,96.05481038607027,1.0537225859645694,1.0427020751851048,1.0847783953492631,6,"[1.056676134942501, 1.0470813657876936]"
diagnostic--comment-span-sensitive,/private/tmp/ferromark-v2-feature-L2-screen.feature-scan-replay/configs/runtime-4aa832915e7c5b2ae041e9aaf6c0081d8c11b10c8ca3bc243d5c5b70a728cd8c.json,diagnostic,reuse,184.85868028207864,184.43456678457812,1.0037976035482028,0.9972682540998101,1.008144327032196,6,"[1.0036223947708711, 1.0039728123255345]"
diagnostic--slash-paths-without-comments-4096,/private/tmp/ferromark-v2-feature-L2-screen.feature-scan-replay/configs/runtime-85adaf6f20609bb1f898fcfaa050e313ebaf9d72e313e8a4e4a3ef2a94f6222b.json,diagnostic-slash-paths,parse,2377.6723820158572,1663.1034223723475,1.428368226991764,1.41376702192054,1.457883647289927,6,"[1.4405716292834432, 1.4161648247000849]"
diagnostic--slash-paths-without-comments-4096,/private/tmp/ferromark-v2-feature-L2-screen.feature-scan-replay/configs/runtime-85adaf6f20609bb1f898fcfaa050e313ebaf9d72e313e8a4e4a3ef2a94f6222b.json,diagnostic-slash-paths,reuse,2604.888891500259,1886.2050075301204,1.3793654610601895,1.3678685766278051,1.400667127203145,6,"[1.3888184621958815, 1.3777535284472797]"
diagnostic--slash-paths-without-comments-65536,/private/tmp/ferromark-v2-feature-L2-screen.feature-scan-replay/configs/runtime-85adaf6f20609bb1f898fcfaa050e313ebaf9d72e313e8a4e4a3ef2a94f6222b.json,diagnostic-slash-paths,parse,37486.55790441176,25531.8225,1.4725927787495865,1.43314159392954,1.495777979932407,6,"[1.464095479257352, 1.4851249597164373]"
diagnostic--slash-paths-without-comments-65536,/private/tmp/ferromark-v2-feature-L2-screen.feature-scan-replay/configs/runtime-85adaf6f20609bb1f898fcfaa050e313ebaf9d72e313e8a4e4a3ef2a94f6222b.json,diagnostic-slash-paths,reuse,40653.970703125,29129.321022727272,1.3948392197888726,1.3712207607168285,1.4226621081096549,6,"[1.4013525737617265, 1.388325865816019]"
control--line_comments-plain-300,/private/tmp/ferromark-v2-feature-L2-screen.feature-scan-replay/configs/runtime-b552b1b4e099e6cf4fb60158b4b0623cd3b7d34dfb5ebbee0111cee2a3dd4b67.json,feature-off-plain,parse,117.89843426113333,116.39959187638512,1.0156776562692738,1.005272410009771,1.0253087197345399,6,"[1.0106996399628203, 1.0252318635142377]"
control--line_comments-plain-300,/private/tmp/ferromark-v2-feature-L2-screen.feature-scan-replay/configs/runtime-b552b1b4e099e6cf4fb60158b4b0623cd3b7d34dfb5ebbee0111cee2a3dd4b67.json,feature-off-plain,reuse,168.93839648586606,167.55790361348096,1.0057557875542933,0.9994260545515553,1.018507410664063,6,"[1.0049342153537928, 1.0065773597547938]"
control--line_comments-plain-4096,/private/tmp/ferromark-v2-feature-L2-screen.feature-scan-replay/configs/runtime-b552b1b4e099e6cf4fb60158b4b0623cd3b7d34dfb5ebbee0111cee2a3dd4b67.json,feature-off-plain,parse,1207.6935811153908,1186.218868371212,1.0170557564134817,1.0082527449217926,1.0289283835510281,6,"[1.015500937748711, 1.0186105750782521]"
control--line_comments-plain-4096,/private/tmp/ferromark-v2-feature-L2-screen.feature-scan-replay/configs/runtime-b552b1b4e099e6cf4fb60158b4b0623cd3b7d34dfb5ebbee0111cee2a3dd4b67.json,feature-off-plain,reuse,1743.8988598890442,1721.417056664926,1.0141672179501735,1.001046086765505,1.0293366175614858,6,"[1.0113092032575155, 1.0170252326428317]"
control--line_comments-plain-65536,/private/tmp/ferromark-v2-feature-L2-screen.feature-scan-replay/configs/runtime-b552b1b4e099e6cf4fb60158b4b0623cd3b7d34dfb5ebbee0111cee2a3dd4b67.json,feature-off-plain,parse,18923.464154411762,18534.83042279412,1.022407208278629,1.0128514586074207,1.032419905081222,6,"[1.0284772060022835, 1.0146046034085663]"
control--line_comments-plain-65536,/private/tmp/ferromark-v2-feature-L2-screen.feature-scan-replay/configs/runtime-b552b1b4e099e6cf4fb60158b4b0623cd3b7d34dfb5ebbee0111cee2a3dd4b67.json,feature-off-plain,reuse,27296.987771739132,27066.379557291668,1.01042890911437,1.0004560104399824,1.0274995534432854,6,"[1.0169737110836317, 1.0088316760718992]"
