case,profile,mode,baseline_ns_per_document,candidate_ns_per_document,baseline_over_candidate_median,baseline_over_candidate_min,baseline_over_candidate_max,pairs,round_medians
scan-empty,commonmark,fresh,313.830844210174,313.7097617056856,1.0084246910722747,0.9799408439758476,1.0096167623858867,3,[1.0084246910722747]
scan-empty,commonmark,reuse,32.94901419835524,32.992983706362615,0.9990240010938014,0.9985803091649238,1.0031539108494534,3,[0.9990240010938014]
scan-empty,commonmark,parse,15.78304819023569,15.703166351211015,1.0050869892885337,0.9976579723270034,1.009906370929759,3,[1.0050869892885337]
scan-empty,commonmark,render,18.70120132849278,18.82804027593686,0.9918278320470082,0.9870021406630201,0.996494782101045,3,[0.9918278320470082]
scan-short-link,commonmark,fresh,531.655966553288,527.1608848314606,1.00852696368636,0.9831539766280207,1.008678352774288,3,[1.00852696368636]
scan-short-link,commonmark,reuse,156.12338702963703,154.68587099967007,1.00884510737344,1.0029161832167983,1.0261968819345768,3,[1.00884510737344]
scan-short-link,commonmark,parse,118.09469458438288,118.01916540785498,1.0034529404235366,0.9941981183497329,1.0099722432689278,3,[1.0034529404235366]
scan-short-link,commonmark,render,34.22722190785631,34.1172375363901,1.0026931633792255,1.0020816209179169,1.0214552450695493,3,[1.0026931633792255]
scan-short-title,commonmark,fresh,553.0982827240566,532.7873579545454,1.0397926460164215,1.0367034620494928,1.0488352886457086,3,[1.0397926460164215]
scan-short-title,commonmark,reuse,167.7851310844667,162.99222009735743,1.0366612904855124,1.0228214721716495,1.046994024738345,3,[1.0366612904855124]
scan-short-title,commonmark,parse,123.91441151202748,123.28055153825927,1.0051416055968203,0.9977628930259267,1.0164573994099502,3,[1.0051416055968203]
scan-short-title,commonmark,render,38.88127281021898,38.58756328202173,1.0063275008038501,1.000678299414018,1.007611507522531,3,[1.0063275008038501]
scan-short-entity,commonmark,fresh,568.100862590799,555.4897437796209,1.0223166088367241,1.0216612057804693,1.0434653454349074,3,[1.0223166088367241]
scan-short-entity,commonmark,reuse,235.69475867269986,235.16905403711132,1.0026699922829518,0.996943927290879,1.0123386100220861,3,[1.0026699922829518]
scan-short-entity,commonmark,parse,193.55525175402394,190.6202362804878,1.0171211072936153,1.0074826533666565,1.0189737005456085,3,[1.0171211072936153]
scan-short-entity,commonmark,render,42.738557622173595,42.56499137383093,1.0017309533407375,0.9908787242514941,1.0066993174116827,3,[1.0017309533407375]
scan-short-reference,commonmark,fresh,834.8508674377224,821.0855407180385,1.0203232814883985,1.0074376263140428,1.0221647738148936,3,[1.0203232814883985]
scan-short-reference,commonmark,reuse,498.7921210106383,485.22062435367116,1.0279697440211755,1.0226488625390429,1.0331585663993907,3,[1.0279697440211755]
scan-short-reference,commonmark,parse,435.051629174397,423.5899390243902,1.0288197523521112,1.0182163820116912,1.0289646764896228,3,[1.0288197523521112]
scan-short-reference,commonmark,render,44.205261575820444,43.70203108977347,1.0123377815947372,0.9897249274128073,1.021387133327451,3,[1.0123377815947372]
scan-long-clean-links,gfm,fresh,26686.34375,21573.56818181818,1.2323136504000076,1.226418386272885,1.2461129380170015,3,[1.2323136504000076]
scan-long-clean-links,gfm,reuse,26317.057291666668,21033.572010869564,1.2511929632335748,1.2253402975583152,1.2785723773344122,3,[1.2511929632335748]
scan-long-clean-links,gfm,parse,24204.296875,19382.29125,1.2459115329500219,1.2412018335947723,1.2532951309355649,3,[1.2459115329500219]
scan-long-clean-links,gfm,render,1981.6884229957807,1963.5525627615064,1.0146282094800019,0.9950180523166204,1.0189726055281134,3,[1.0146282094800019]
scan-many-short-links,gfm,fresh,10633.882638888888,10157.385638297872,1.0488710241539139,1.031804485993371,1.055756074720239,3,[1.0488710241539139]
scan-many-short-links,gfm,reuse,10088.015292553191,9677.136479591836,1.0502930969537423,1.0375866171678192,1.0667326167544782,3,[1.0502930969537423]
scan-many-short-links,gfm,parse,6417.739864864865,6197.7109375,1.0355016440075566,1.0310164725732271,1.047410003792838,3,[1.0355016440075566]
scan-many-short-links,gfm,render,3614.6134615384617,3509.2796175373132,1.027401897696739,1.0231452049629968,1.0300158025239003,3,[1.027401897696739]
scan-escaped-links,gfm,fresh,16388.963362068964,16492.771551724138,0.9963205673061962,0.9903420068569377,1.006713298903412,3,[0.9963205673061962]
scan-escaped-links,gfm,reuse,16203.215517241379,16201.73275862069,1.0018080671858436,0.9951165341694035,1.0057060733712497,3,[1.0018080671858436]
scan-escaped-links,gfm,parse,14135.608455882353,14019.798713235294,1.0016116913443245,1.001236935519593,1.0250115256969612,3,[1.0016116913443245]
scan-escaped-links,gfm,render,2234.331547619048,2238.5105654761905,0.9996503985130719,0.9975320404305292,1.0000500327864252,3,[0.9996503985130719]
scan-unicode-links,commonmark,fresh,26503.255208333332,21944.957386363636,1.203502327513202,0.6541647584383863,1.2277007693067805,3,[1.203502327513202]
scan-unicode-links,commonmark,reuse,25437.77467105263,21008.54891304348,1.2108296853981761,1.1929788230708938,1.229471805186039,3,[1.2108296853981761]
scan-unicode-links,commonmark,parse,23683.0734375,18756.6675,1.2664582551825192,1.2572510326979545,1.2725648092871509,3,[1.2664582551825192]
scan-unicode-links,commonmark,render,1968.7990324267782,1963.2093357740587,1.0027637417066937,1.0015770805271338,1.0043103632221888,3,[1.0027637417066937]
scan-long-references,gfm,fresh,61907.55078125,53227.864583333336,1.1476614153966584,1.1452547870181748,1.1865003858519756,3,[1.1476614153966584]
scan-long-references,gfm,reuse,61928.05859375,53137.586805555555,1.1812397634547371,1.1401719104292591,1.182838394389316,3,[1.1812397634547371]
scan-long-references,gfm,parse,60145.5078125,50930.859375,1.1667441502942721,1.149524980676588,1.2002269346774939,3,[1.1667441502942721]
scan-long-references,gfm,render,2150.8863245412845,2128.599971719457,0.9976229916170746,0.9975946392121572,1.0175421360197763,3,[0.9976229916170746]
scan-dense-escapes,commonmark,fresh,5722.275152439024,5723.942454268293,0.9997087144319515,0.9916603960443312,1.0279216728038845,3,[0.9997087144319515]
scan-dense-escapes,commonmark,reuse,5575.612867647059,6261.927083333333,0.9835135151517507,0.8903988809590326,0.9892612022837661,3,[0.9835135151517507]
scan-dense-escapes,commonmark,parse,3538.279135338346,3552.4976325757575,0.9977117573601799,0.9880110710744734,1.0040737626243186,3,[0.9977117573601799]
scan-dense-escapes,commonmark,render,1939.119576446281,1923.491931352459,1.0081246221203712,0.9876783706452472,1.0145799349365134,3,[1.0081246221203712]
scan-dense-entities,commonmark,fresh,17980.034722222223,18098.056490384617,0.9929111858518457,0.9892712515281189,1.008878404756633,3,[0.9929111858518457]
scan-dense-entities,commonmark,reuse,17421.055555555555,17542.48726851852,0.9944365750528541,0.9777441744491783,0.9984009407487588,3,[0.9944365750528541]
scan-dense-entities,commonmark,parse,15543.011088709678,15601.772177419354,0.993333174325504,0.9910778915170225,0.996233691401114,3,[0.993333174325504]
scan-dense-entities,commonmark,render,1972.4921218487395,1969.57269874477,0.9985348988652206,0.9924781877582491,1.004187709946266,3,[0.9985348988652206]
scan-malformed-entities,commonmark,fresh,8823.109953703704,8826.123842592593,1.0010299286459035,0.9856783778142373,1.007521965979029,3,[1.0010299286459035]
scan-malformed-entities,commonmark,reuse,8689.597800925925,8655.160795454545,1.005631897231059,0.9995852210860684,1.0096063796000965,3,[1.005631897231059]
scan-malformed-entities,commonmark,parse,5681.365963855422,5627.991815476191,1.0094836933188958,1.0021428182372956,1.0113782875497057,3,[1.0094836933188958]
scan-malformed-entities,commonmark,render,2894.523197852761,2912.9140139751553,0.9925533423919484,0.9841041977611087,0.9936864541712658,3,[0.9925533423919484]
scan-mdx-links,mdx,fresh,15113.97265625,14010.569852941177,1.063937600452652,1.0563883115616943,1.1014197054146617,3,[1.063937600452652]
scan-mdx-links,mdx,reuse,14745.0361328125,13761.049107142857,1.0715052332135704,1.0407710737792104,1.0780880841941038,3,[1.0715052332135704]
scan-mdx-links,mdx,parse,12743.630067567568,11751.628125,1.084071743634457,1.0813954423523418,1.1075104481375455,3,[1.084071743634457]
scan-mdx-links,mdx,render,1867.2340029761904,1847.1539124015749,1.0108708269732154,0.9930917513706635,1.0210726549582563,3,[1.0108708269732154]
scan-extension-links,extensions,fresh,4501.661607142857,4433.569280660377,1.018089229627213,1.0152992804853083,1.0201118313621402,3,[1.018089229627213]
scan-extension-links,extensions,reuse,4027.1434294871797,3976.3858580508477,1.00220621834422,0.9963678809762159,1.033760385730381,3,[1.00220621834422]
scan-extension-links,extensions,parse,3469.4489889705883,3432.2347171532847,1.0155472078722707,1.0075531967386058,1.0229910185429476,3,[1.0155472078722707]
scan-extension-links,extensions,render,485.8835168393782,473.733428030303,1.0236567246714514,1.0177372254694754,1.03231637972947,3,[1.0236567246714514]
