case,bytes,category,profile,mode,engine,strict_all_six,ns,round_min_ns,round_max_ns,speed_relative_to_v2
comment-ack,37,comments,gfm,fresh,v2,yes,157.9387605481935,157.07212484395143,159.3812343746444,1.0
comment-ack,37,comments,gfm,fresh,ox-content,yes,155.63973783174484,155.42574050526122,158.31340299914794,1.0147714378633432
comment-ack,37,comments,gfm,fresh,v1,yes,159.35331302812082,157.7707261287864,160.14760839054307,0.9911231686806681
comment-ack,37,comments,gfm,fresh,md4c,yes,777.2477148572627,774.6076711586121,792.4083290034097,0.20320260520443997
comment-ack,37,comments,gfm,fresh,pulldown-cmark,yes,187.18383154558822,184.72930127380292,188.64222240436496,0.8437628359462652
comment-ack,37,comments,gfm,fresh,bun,yes,292.8041970333378,291.19922779889,295.2064298199176,0.5394006033670722
comment-question,160,comments,gfm,fresh,v2,yes,169.12975002177433,168.10064401350218,169.80658463337915,1.0
comment-question,160,comments,gfm,fresh,ox-content,yes,168.34337132952572,168.34043007348203,168.48490178348965,1.0046712780315497
comment-question,160,comments,gfm,fresh,v1,yes,180.40153748397475,179.2584520522522,180.463461046095,0.9375183403677937
comment-question,160,comments,gfm,fresh,md4c,yes,885.5324008498583,881.4105291505562,888.914413592778,0.19099216455485768
comment-question,160,comments,gfm,fresh,pulldown-cmark,yes,295.951715030989,293.8171819186763,296.07404126309154,0.5714775128235523
comment-question,160,comments,gfm,fresh,bun,yes,780.4477801186017,774.5428120249483,782.0692183187956,0.2167086054060815
comment-review,282,comments,gfm,fresh,v2,yes,217.84995894557213,216.8388719710248,224.1086375583108,1.0
comment-review,282,comments,gfm,fresh,ox-content,yes,219.72233598252666,218.93882027973692,224.39816311833192,0.9914784401477352
comment-review,282,comments,gfm,fresh,v1,yes,265.6220071166543,263.91112070789416,269.90872081495706,0.8201502628127423
comment-review,282,comments,gfm,fresh,md4c,yes,1071.44622827506,1066.0248553158306,1101.3507923711215,0.20332327763782654
comment-review,282,comments,gfm,fresh,pulldown-cmark,yes,496.29766795333825,494.60216628657133,513.5170991778754,0.4389501966510435
comment-review,282,comments,gfm,fresh,bun,yes,1326.9719926361245,1321.9903376057082,1354.2823716567586,0.16417072866232665
comment-links,278,comments,gfm,fresh,v2,yes,458.2388180752327,457.5526640483222,459.8346779064137,1.0
comment-links,278,comments,gfm,fresh,ox-content,yes,478.0553033668993,477.70811043179214,478.3806287566541,0.9585477137224482
comment-links,278,comments,gfm,fresh,v1,yes,645.0062070576394,644.1790261120502,648.4934779187449,0.7104409431431772
comment-links,278,comments,gfm,fresh,md4c,yes,1436.41190170267,1427.120859789868,1447.2631264693428,0.31901630551240434
comment-links,278,comments,gfm,fresh,pulldown-cmark,yes,759.6082073967193,757.3552410874788,762.5685859628175,0.6032568021423563
comment-links,278,comments,gfm,fresh,bun,yes,1623.2575724150201,1616.3666188238117,1626.1429210013005,0.2822958142086364
comment-checklist,287,comments,gfm,fresh,v2,no,615.3749535526654,611.8873617257366,619.9741374173198,1.0
comment-checklist,287,comments,gfm,fresh,ox-content,no,621.1702907991469,618.4366320400347,629.9784836487042,0.9906702922977438
comment-checklist,287,comments,gfm,fresh,v1,no,750.515145590859,743.0241006792621,753.1658841438631,0.8199367556642689
comment-checklist,287,comments,gfm,fresh,md4c,no,1583.3406427956543,1562.657191407721,1586.011763307985,0.388656071169952
comment-checklist,287,comments,gfm,fresh,pulldown-cmark,no,916.6939544983425,915.2268564387941,925.0961882085094,0.6712981475801563
comment-checklist,287,comments,gfm,fresh,bun,no,1823.9911278873024,1811.82259459091,1839.8162307133557,0.33737826031283585
comment-quote,290,comments,gfm,fresh,v2,yes,285.4633975493193,282.5332554374061,285.59899106451667,1.0
comment-quote,290,comments,gfm,fresh,ox-content,yes,282.78885870007434,282.63361791881016,284.34659485512213,1.009457723552262
comment-quote,290,comments,gfm,fresh,v1,yes,326.59714189907515,323.06371327060094,327.09725995589304,0.8740535691446224
comment-quote,290,comments,gfm,fresh,md4c,yes,1170.5993679972296,1162.994457454396,1176.1814781873775,0.24386088473438755
comment-quote,290,comments,gfm,fresh,pulldown-cmark,yes,575.2967816488856,574.237446749705,577.427970625577,0.4962019720171892
comment-quote,290,comments,gfm,fresh,bun,yes,1447.643885864105,1440.6889640141862,1449.1228815970208,0.1971917267339025
comment-unicode,327,comments,gfm,fresh,v2,yes,439.0510381640509,437.50925577405303,439.93863042179345,1.0
comment-unicode,327,comments,gfm,fresh,ox-content,yes,440.3339899349187,438.2070041256901,440.5273855384776,0.9970864121321695
comment-unicode,327,comments,gfm,fresh,v1,yes,643.2363619791632,642.2042871557455,645.8137502694705,0.6825656385673566
comment-unicode,327,comments,gfm,fresh,md4c,yes,1370.1040097727832,1367.441689291038,1370.3292424332499,0.3204508818544825
comment-unicode,327,comments,gfm,fresh,pulldown-cmark,yes,821.0357679172703,817.5208414284823,831.7156302670637,0.534752632370446
comment-unicode,327,comments,gfm,fresh,bun,yes,1709.395281531111,1698.4070760844616,1710.2270773705068,0.256845823144423
comment-inline-code,285,comments,gfm,fresh,v2,yes,292.96665320189936,292.57076237735674,295.5646397178999,1.0
comment-inline-code,285,comments,gfm,fresh,ox-content,yes,292.57472650185775,290.6858799617955,294.1522610801924,1.0013395781130094
comment-inline-code,285,comments,gfm,fresh,v1,yes,483.18686483398307,481.1965584309181,485.9487711969118,0.6063216418404896
comment-inline-code,285,comments,gfm,fresh,md4c,yes,1240.8534318246016,1226.373279523035,1243.1347676185853,0.2361009331868545
comment-inline-code,285,comments,gfm,fresh,pulldown-cmark,yes,692.4893771345421,691.0164290914463,699.8999512976332,0.42306302865492124
comment-inline-code,285,comments,gfm,fresh,bun,yes,1409.5944497598125,1395.9311736086458,1417.2509300117554,0.20783754735400622
comment-reproduction,298,comments,gfm,fresh,v2,yes,332.07889574880767,329.2330671702019,333.0542360114107,1.0
comment-reproduction,298,comments,gfm,fresh,ox-content,yes,329.8378937659601,328.15476106286985,332.4810212141972,1.0067942526471434
comment-reproduction,298,comments,gfm,fresh,v1,yes,411.98248702717365,406.7224705393721,414.3654301249596,0.8060510002380376
comment-reproduction,298,comments,gfm,fresh,md4c,yes,1371.4813767817982,1333.6102578624732,1374.8383241758243,0.24213153847413943
comment-reproduction,298,comments,gfm,fresh,pulldown-cmark,yes,607.9729449059064,598.6041666821895,611.6599755215959,0.5462066997079981
comment-reproduction,298,comments,gfm,fresh,bun,yes,1413.1344538727108,1393.1554716787077,1426.7336801596352,0.23499455047518072
comment-table,310,comments,gfm,fresh,v2,yes,1013.9139498352636,1008.3477113989956,1023.1577971563011,1.0
comment-table,310,comments,gfm,fresh,ox-content,yes,1013.8667857533092,1013.8547487668582,1021.5316898580772,1.0000465190127708
comment-table,310,comments,gfm,fresh,v1,yes,912.8969944412379,911.6269430614345,916.0584785431059,1.1106553707692461
comment-table,310,comments,gfm,fresh,md4c,yes,2208.7209182779197,2191.5949983389405,2213.455144013378,0.4590502772191722
comment-table,310,comments,gfm,fresh,pulldown-cmark,yes,1250.3729447345693,1239.5306069390422,1252.4663472496795,0.8108892263743747
comment-table,310,comments,gfm,fresh,bun,yes,2197.6180525043937,2191.341259851138,2205.706238977072,0.4613695035312495
comment-review-long,957,comments,gfm,fresh,v2,yes,760.9657614690242,754.4501717189714,765.0221161281019,1.0
comment-review-long,957,comments,gfm,fresh,ox-content,yes,775.2432467556678,769.8215627437005,781.5582672835028,0.9815832187556696
comment-review-long,957,comments,gfm,fresh,v1,yes,974.3696489746817,966.172748855336,975.4990982132426,0.7809826201686187
comment-review-long,957,comments,gfm,fresh,md4c,yes,2225.4983935485143,2190.604880056895,2231.864432982,0.34193049236745526
comment-review-long,957,comments,gfm,fresh,pulldown-cmark,yes,1666.0629808311141,1644.4331523888668,1678.3330298698597,0.45674489513560707
comment-review-long,957,comments,gfm,fresh,bun,yes,4541.065160778986,4535.935684618364,4644.068571512173,0.16757428808585653
comment-incident,1124,comments,gfm,fresh,v2,no,1353.0130946288923,1349.0306550220057,1357.7717833876222,1.0
comment-incident,1124,comments,gfm,fresh,ox-content,no,1332.0517359147893,1328.8873958192166,1337.194915572581,1.015736144587288
comment-incident,1124,comments,gfm,fresh,v1,no,1396.903231132002,1396.7931541838648,1399.7857942567416,0.9685804030480031
comment-incident,1124,comments,gfm,fresh,md4c,no,2870.5666212729357,2864.4209453661324,2876.4113505747127,0.4713400778097624
comment-incident,1124,comments,gfm,fresh,pulldown-cmark,no,2232.3096440209606,2204.5675171786897,2235.9351562499996,0.6061045779436627
comment-incident,1124,comments,gfm,fresh,bun,no,5515.183232378855,5469.080437166285,5519.631607929516,0.24532513927833716
guard-angle-link,41,syntax-guard,commonmark,fresh,v2,no,277.95346621544695,274.55589026726045,278.7967778784099,1.0
guard-angle-link,41,syntax-guard,commonmark,fresh,ox-content,no,289.0965881981041,285.3117129704509,289.36500442578875,0.961455366692113
guard-angle-link,41,syntax-guard,commonmark,fresh,v1,no,484.80692613416056,480.3484450649571,488.08579402769624,0.5733281668061997
guard-angle-link,41,syntax-guard,commonmark,fresh,md4c,no,993.308003204097,981.0350446390125,995.6604050557326,0.27982606132121873
guard-angle-link,41,syntax-guard,commonmark,fresh,pulldown-cmark,no,359.83263966492336,354.46608327670026,362.0823314995218,0.7724520668116088
guard-angle-link,41,syntax-guard,commonmark,fresh,bun,no,467.89289456532333,462.5524467943686,468.75257068218326,0.5940536166373465
legacy-contributing,9323,technical-docs,gfm,fresh,v2,no,10950.554755434783,10917.969185719641,11010.525219298244,1.0
legacy-contributing,9323,technical-docs,gfm,fresh,ox-content,no,11080.92519358407,11072.905005530974,11114.035813053099,0.9882346973856685
legacy-contributing,9323,technical-docs,gfm,fresh,v1,no,15459.080825617284,15390.847179878048,15468.638521906054,0.7083574294591041
legacy-contributing,9323,technical-docs,gfm,fresh,md4c,no,23413.47164351852,23395.230613425927,23612.163975148498,0.467703163467695
legacy-contributing,9323,technical-docs,gfm,fresh,pulldown-cmark,no,22454.647879464286,22351.779145128447,22529.401785714286,0.4876743030760025
legacy-contributing,9323,technical-docs,gfm,fresh,bun,no,47691.04456018518,47172.81539351852,47959.12905092593,0.22961448750855926
legacy-node-ferromark-readme,9075,readme,gfm,fresh,v2,no,10870.834796664167,10759.815705128205,10872.163722826088,1.0
legacy-node-ferromark-readme,9075,readme,gfm,fresh,ox-content,no,11115.827710176993,11093.807522123894,11125.755683153195,0.9779599936324558
legacy-node-ferromark-readme,9075,readme,gfm,fresh,v1,no,15801.843248121044,15780.7701171875,15834.76500692247,0.6879472619725416
legacy-node-ferromark-readme,9075,readme,gfm,fresh,md4c,no,25642.073341836734,25609.69387755102,25666.135204081635,0.42394523452702565
legacy-node-ferromark-readme,9075,readme,gfm,fresh,pulldown-cmark,no,22612.630301339283,22525.832310267855,22712.704520089286,0.4807417205251137
legacy-node-ferromark-readme,9075,readme,gfm,fresh,bun,no,47522.68981481482,46710.84143518518,47549.35879629629,0.22875041036240484
legacy-docs-migration-0-2,1985,technical-docs,gfm,fresh,v2,no,2434.6298334143967,2428.7247813887634,2462.0509885183073,1.0
legacy-docs-migration-0-2,1985,technical-docs,gfm,fresh,ox-content,no,2457.9380832514735,2451.53443627451,2484.0111913464652,0.9905171533831952
legacy-docs-migration-0-2,1985,technical-docs,gfm,fresh,v1,no,3702.921794817249,3698.9566657230193,3714.794877573348,0.6574888610453501
legacy-docs-migration-0-2,1985,technical-docs,gfm,fresh,md4c,no,5614.198010089686,5589.928083147322,5662.292067307692,0.43365585414674457
legacy-docs-migration-0-2,1985,technical-docs,gfm,fresh,pulldown-cmark,no,4812.9306490384615,4784.7611521946565,4879.743316294154,0.5058518418296329
legacy-docs-migration-0-2,1985,technical-docs,gfm,fresh,bun,no,8969.098772321428,8920.389320542046,8995.653439748201,0.271446429035618
legacy-docs-migration-0-3,2379,technical-docs,gfm,fresh,v2,no,3063.5368143322426,3061.328430623472,3082.26539408867,1.0
legacy-docs-migration-0-3,2379,technical-docs,gfm,fresh,ox-content,no,3083.1361222290643,3079.883140900921,3106.0729295905708,0.9936430611170513
legacy-docs-migration-0-3,2379,technical-docs,gfm,fresh,v1,no,3930.9922566589776,3877.273731181678,3934.9749207059203,0.7793291398991457
legacy-docs-migration-0-3,2379,technical-docs,gfm,fresh,md4c,no,6592.423733724856,6545.059266095386,6624.552166005291,0.4647056891473936
legacy-docs-migration-0-3,2379,technical-docs,gfm,fresh,pulldown-cmark,no,5421.554959812099,5414.740572870018,5454.679008152174,0.5650660810488988
legacy-docs-migration-0-3,2379,technical-docs,gfm,fresh,bun,no,10838.677543199554,10778.406517094018,10841.140220905172,0.28264857978493685
legacy-docs-migration-0-4,7045,technical-docs,gfm,fresh,v2,no,7684.208876533743,7676.98107663568,7707.666315184049,1.0
legacy-docs-migration-0-4,7045,technical-docs,gfm,fresh,ox-content,no,7690.01629601227,7628.215221960458,7695.947565184049,0.9992448105107998
legacy-docs-migration-0-4,7045,technical-docs,gfm,fresh,v1,no,12245.979975728154,12221.417324029127,12273.04825367647,0.6274882771133091
legacy-docs-migration-0-4,7045,technical-docs,gfm,fresh,md4c,no,19258.313461538462,19256.048313665502,19278.415625,0.3990073633332524
legacy-docs-migration-0-4,7045,technical-docs,gfm,fresh,pulldown-cmark,no,16475.76603618421,16431.11992694805,16482.71435246497,0.4663946343774014
legacy-docs-migration-0-4,7045,technical-docs,gfm,fresh,bun,no,33069.74695301957,33064.09333881579,33178.31702302631,0.232363703521841
legacy-docs-migration-0-8,2374,technical-docs,gfm,fresh,v2,no,3083.110151154943,3081.6816502463053,3118.8743375935164,1.0
legacy-docs-migration-0-8,2374,technical-docs,gfm,fresh,ox-content,no,3075.604953738305,3073.135787776413,3116.358156807918,1.0024402345325643
legacy-docs-migration-0-8,2374,technical-docs,gfm,fresh,v1,no,4498.647563985611,4483.490591397849,4541.213909172957,0.6853415626147513
legacy-docs-migration-0-8,2374,technical-docs,gfm,fresh,md4c,no,7076.726224270774,7076.410808159557,7157.154017857143,0.43566898781260177
legacy-docs-migration-0-8,2374,technical-docs,gfm,fresh,pulldown-cmark,no,5829.784375,5793.035083912037,5869.330105633803,0.5288549203254097
legacy-docs-migration-0-8,2374,technical-docs,gfm,fresh,bun,no,10699.085202991453,10673.06079557801,10771.220360622974,0.2881657723683618
legacy-docs-releasing,4141,technical-docs,gfm,fresh,v2,no,5293.7976398796745,5274.797710460767,5309.997947563559,1.0
legacy-docs-releasing,4141,technical-docs,gfm,fresh,ox-content,no,5260.994800639921,5211.035427202196,5261.232942784192,1.0062351020068987
legacy-docs-releasing,4141,technical-docs,gfm,fresh,v1,no,9134.199501811594,9082.965466485508,9194.902886331312,0.5795579173445632
legacy-docs-releasing,4141,technical-docs,gfm,fresh,md4c,no,10915.036277173913,10878.205093937406,10941.47606788711,0.48500046224769194
legacy-docs-releasing,4141,technical-docs,gfm,fresh,pulldown-cmark,no,11870.018700864779,11849.86733490566,11984.561011904761,0.4459805644193299
legacy-docs-releasing,4141,technical-docs,gfm,fresh,bun,no,21096.39765625,20925.36875,21134.03854166667,0.2509337246167873
legacy-docs-readme-theme,2848,technical-docs,gfm,fresh,v2,no,2550.631184470988,2542.1221506642896,2579.6820876288657,1.0
legacy-docs-readme-theme,2848,technical-docs,gfm,fresh,ox-content,no,2607.40693359375,2573.7187019067933,2610.372814651979,0.9782252058966074
legacy-docs-readme-theme,2848,technical-docs,gfm,fresh,v1,no,4253.341523802317,4217.787668350168,4273.533063139932,0.5996770233937918
legacy-docs-readme-theme,2848,technical-docs,gfm,fresh,md4c,no,6893.579756181319,6865.867657103825,6972.6904819405645,0.37000096824641715
legacy-docs-readme-theme,2848,technical-docs,gfm,fresh,pulldown-cmark,no,6427.341537889194,6381.656200225966,6469.800418814433,0.3968407730373454
legacy-docs-readme-theme,2848,technical-docs,gfm,fresh,bun,no,13748.12818024367,13642.954436214353,13858.059460851648,0.18552570582927028
legacy-docs-markdown-extensions,3707,technical-docs,gfm,fresh,v2,no,4007.451882436819,3994.269469326784,4076.5196966612375,1.0
legacy-docs-markdown-extensions,3707,technical-docs,gfm,fresh,ox-content,no,4042.061981287191,4035.8448338432245,4104.809774896801,0.9914375140681662
legacy-docs-markdown-extensions,3707,technical-docs,gfm,fresh,v1,no,6659.006565824468,6658.906083776596,6773.754222972973,0.6018092703202863
legacy-docs-markdown-extensions,3707,technical-docs,gfm,fresh,md4c,no,9426.226621240601,9417.567316729324,9577.67771946565,0.42513850382152085
legacy-docs-markdown-extensions,3707,technical-docs,gfm,fresh,pulldown-cmark,no,9402.635261194031,9374.319729477611,9543.800663782386,0.4262051830273715
legacy-docs-markdown-extensions,3707,technical-docs,gfm,fresh,bun,no,18806.3104011194,18779.046233675374,19171.953835227272,0.21309080818948328
legacy-docs-mdx,7422,technical-docs,gfm,fresh,v2,no,7751.860725308641,7719.3915469022195,7798.433012058424,1.0
legacy-docs-mdx,7422,technical-docs,gfm,fresh,ox-content,no,7861.115370725236,7830.99775390625,7895.710495283019,0.9861018900926631
legacy-docs-mdx,7422,technical-docs,gfm,fresh,v1,no,10961.791361556065,10890.409782608695,10973.561637109076,0.7071709786864834
legacy-docs-mdx,7422,technical-docs,gfm,fresh,md4c,no,19546.868505859376,19543.22932692308,19821.32958984375,0.39657813848724366
legacy-docs-mdx,7422,technical-docs,gfm,fresh,pulldown-cmark,no,15618.604964795526,15537.037037037036,15857.006741989715,0.4963222222971516
legacy-docs-mdx,7422,technical-docs,gfm,fresh,bun,no,36524.68392857142,36399.12589285714,36868.154910714286,0.21223621648494953
legacy-docs-readme,1825,readme,gfm,fresh,v2,no,4560.928068181818,4545.965497364954,4592.557577838828,1.0
legacy-docs-readme,1825,readme,gfm,fresh,ox-content,no,4638.548904991838,4556.955511363636,4639.472395833333,0.9832661380962294
legacy-docs-readme,1825,readme,gfm,fresh,v1,no,5482.223594133054,5446.548946569735,5515.107598334009,0.8319485679246676
legacy-docs-readme,1825,readme,gfm,fresh,md4c,no,9191.502791735991,9059.911717365238,9224.322150735294,0.49621135645876246
legacy-docs-readme,1825,readme,gfm,fresh,pulldown-cmark,no,6573.62355547327,6523.661295572916,6609.440131578947,0.693822521124493
legacy-docs-readme,1825,readme,gfm,fresh,bun,no,12419.670637376239,12407.732518564357,12504.5053125,0.36723422072530526
legacy-docs-adr-readme-theme-composition,1532,technical-docs,gfm,fresh,v2,no,1608.0383201841669,1587.5685891760595,1608.131605930313,1.0
legacy-docs-adr-readme-theme-composition,1532,technical-docs,gfm,fresh,ox-content,no,1592.9505138477105,1573.924076950953,1607.6273767549642,1.0094716102008796
legacy-docs-adr-readme-theme-composition,1532,technical-docs,gfm,fresh,v1,no,2318.8529105897405,2296.7350006261004,2403.9424347478034,0.6934628379577572
legacy-docs-adr-readme-theme-composition,1532,technical-docs,gfm,fresh,md4c,no,3847.2916826923074,3815.102229420732,3865.9632042388102,0.41796631313872024
legacy-docs-adr-readme-theme-composition,1532,technical-docs,gfm,fresh,pulldown-cmark,no,3511.017133626625,3463.660664819945,3526.2782130281694,0.4579978561720035
legacy-docs-adr-readme-theme-composition,1532,technical-docs,gfm,fresh,bun,no,7714.59747746349,7657.885575457317,7722.7514355165495,0.2084409879947333
rust-book-ch03-04-comments,393,technical-docs,gfm,fresh,v2,no,756.7943059821571,755.5834331175905,763.3961551121212,1.0
rust-book-ch03-04-comments,393,technical-docs,gfm,fresh,ox-content,no,809.8949809207015,807.1190856494361,811.1666798375547,0.9344351104902777
rust-book-ch03-04-comments,393,technical-docs,gfm,fresh,v1,no,1009.6168088243587,1001.2393454527244,1011.0981334529283,0.7495856837639232
rust-book-ch03-04-comments,393,technical-docs,gfm,fresh,md4c,no,1991.6733180732485,1991.3726363455414,1998.8445487220447,0.37997913569193287
rust-book-ch03-04-comments,393,technical-docs,gfm,fresh,pulldown-cmark,no,1334.5683329489216,1323.1915509259259,1336.5098841747508,0.5670704806174374
rust-book-ch03-04-comments,393,technical-docs,gfm,fresh,bun,no,2572.0652797714865,2561.411736546754,2596.305588622844,0.29423604133771986
rust-book-appendix-02-operators,22595,reference,gfm,fresh,v2,no,50702.265625,50198.36,51145.859375,1.0
rust-book-appendix-02-operators,22595,reference,gfm,fresh,ox-content,no,50415.780625,50272.916874999995,50889.0625,1.0056824469729213
rust-book-appendix-02-operators,22595,reference,gfm,fresh,v1,no,58751.45028409091,58122.27769886363,58756.56960227273,0.8629959835856083
rust-book-appendix-02-operators,22595,reference,gfm,fresh,md4c,no,81346.55859375,81042.27734375,81933.4716796875,0.6232871617619427
rust-book-appendix-02-operators,22595,reference,gfm,fresh,pulldown-cmark,no,65423.4703125,64056.86796875,65475.0,0.7749858786581775
rust-book-appendix-02-operators,22595,reference,gfm,fresh,bun,no,106477.484375,105657.76953125,106908.20442708333,0.4761782824097642
rust-book-ch00-00-introduction,10839,technical-docs,gfm,fresh,v2,no,13613.25621639785,13485.10315860215,13699.156580342213,1.0
rust-book-ch00-00-introduction,10839,technical-docs,gfm,fresh,ox-content,no,13711.411854619566,13516.5,13769.681490384615,0.992841317928274
rust-book-ch00-00-introduction,10839,technical-docs,gfm,fresh,v1,no,16569.130345394737,16408.752637987014,16679.74913377193,0.8216035442186952
rust-book-ch00-00-introduction,10839,technical-docs,gfm,fresh,md4c,no,24453.074183399323,24452.724459134617,24531.262867647056,0.5567093983479428
rust-book-ch00-00-introduction,10839,technical-docs,gfm,fresh,pulldown-cmark,no,26162.202659970237,25939.360012755104,26177.732607886905,0.520340599502616
rust-book-ch00-00-introduction,10839,technical-docs,gfm,fresh,bun,no,59966.64211309524,59551.40178571428,60514.13690476191,0.2270138152929035
rust-book-ch17-00-async-await,9734,technical-docs,gfm,fresh,v2,no,7166.575414975649,7156.026875,7190.200892857143,1.0
rust-book-ch17-00-async-await,9734,technical-docs,gfm,fresh,ox-content,no,7152.057410714286,7148.701696428571,7207.388097655472,1.0020299060015394
rust-book-ch17-00-async-await,9734,technical-docs,gfm,fresh,v1,no,11527.027236238533,11408.830397727274,11558.078301241583,0.6217193095931494
rust-book-ch17-00-async-await,9734,technical-docs,gfm,fresh,md4c,no,18322.43546195652,18130.08582427536,18398.648207720587,0.3911366166280595
rust-book-ch17-00-async-await,9734,technical-docs,gfm,fresh,pulldown-cmark,no,18373.24293678069,18273.38088768116,18438.089837089727,0.39005500768887985
rust-book-ch17-00-async-await,9734,technical-docs,gfm,fresh,bun,no,50168.619375,49715.29507211538,50609.791249999995,0.1428497635425641
vue-docs-ways-of-using-vue,5883,technical-docs,gfm,fresh,v2,no,6219.512685258731,6121.338338414635,6237.24096302599,1.0
vue-docs-ways-of-using-vue,5883,technical-docs,gfm,fresh,ox-content,no,6514.6601655265,6500.8205918774165,6521.026611328125,0.9546948769746125
vue-docs-ways-of-using-vue,5883,technical-docs,gfm,fresh,v1,no,6873.464756725515,6810.065641983696,6923.35762839591,0.9048584528164041
vue-docs-ways-of-using-vue,5883,technical-docs,gfm,fresh,md4c,no,13059.461751302082,13010.571037371134,13098.334309895832,0.4762457139275759
vue-docs-ways-of-using-vue,5883,technical-docs,gfm,fresh,pulldown-cmark,no,11693.366754824334,11602.436487268518,11721.432790595794,0.5318838291540583
vue-docs-ways-of-using-vue,5883,technical-docs,gfm,fresh,bun,no,32237.47258613782,31977.783203125,32314.03565705128,0.19292804883014106
vue-docs-suspense,8291,technical-docs,gfm,fresh,v2,no,9931.144717261905,9851.911569189837,9948.779513888889,1.0
vue-docs-suspense,8291,technical-docs,gfm,fresh,ox-content,no,10028.0885,9946.05146329365,10111.73252721774,0.9903327755097
vue-docs-suspense,8291,technical-docs,gfm,fresh,v1,no,15078.376532917384,14899.604389880951,15103.627306099397,0.6586348799276479
vue-docs-suspense,8291,technical-docs,gfm,fresh,md4c,no,22797.11004971591,22462.948939732145,22828.953480113636,0.43563173997072774
vue-docs-suspense,8291,technical-docs,gfm,fresh,pulldown-cmark,no,20372.72152217742,20281.354674699178,20530.534836065573,0.4874726583019858
vue-docs-suspense,8291,technical-docs,gfm,fresh,bun,no,44470.59105603448,43769.50915948276,44578.37176724138,0.22331937762527868
vue-docs-slots,24211,technical-docs,gfm,fresh,v2,no,32393.947115384617,32101.23517628205,32525.807692307695,1.0
vue-docs-slots,24211,technical-docs,gfm,fresh,ox-content,no,36232.12410714285,36189.937053571426,36325.52098214286,0.8940670168713192
vue-docs-slots,24211,technical-docs,gfm,fresh,v1,no,58008.16761363637,55484.17730978261,58870.53125,0.5584376898636866
vue-docs-slots,24211,technical-docs,gfm,fresh,md4c,no,83572.23984375,83522.43958333333,83911.24166666667,0.3876161172172678
vue-docs-slots,24211,technical-docs,gfm,fresh,pulldown-cmark,no,64298.56796875,63351.953125,64423.7296875,0.5038051101095833
vue-docs-slots,24211,technical-docs,gfm,fresh,bun,no,146248.04513888888,146132.234375,148002.6041666667,0.22150003498932738
vue-docs-reactivity-in-depth,24001,technical-docs,gfm,fresh,v2,no,27166.043550531915,26883.477393617024,27192.555359620725,1.0
vue-docs-reactivity-in-depth,24001,technical-docs,gfm,fresh,ox-content,no,29081.02062136628,28813.654474431816,29087.933056950318,0.9341502798073256
vue-docs-reactivity-in-depth,24001,technical-docs,gfm,fresh,v1,no,36432.36607142857,35978.60900297619,36773.41327468488,0.7456568562489384
vue-docs-reactivity-in-depth,24001,technical-docs,gfm,fresh,md4c,no,68833.12828947368,68740.5427631579,68973.8552631579,0.39466524659879926
vue-docs-reactivity-in-depth,24001,technical-docs,gfm,fresh,pulldown-cmark,no,55450.71875,54949.44565217391,55527.315217391304,0.4899132808901943
vue-docs-reactivity-in-depth,24001,technical-docs,gfm,fresh,bun,no,140473.66840277778,138675.9109375,141455.07638888888,0.1933888668205003
vite-docs-philosophy,3575,technical-docs,gfm,fresh,v2,no,3798.900469167357,3776.5751903004766,3836.566213726056,1.0
vite-docs-philosophy,3575,technical-docs,gfm,fresh,ox-content,no,3965.1940268987346,3936.687254323899,4005.0487596448247,0.9580616845977045
vite-docs-philosophy,3575,technical-docs,gfm,fresh,v1,no,4447.4955048695765,4393.174342105263,4466.150365602758,0.8541662301868387
vite-docs-philosophy,3575,technical-docs,gfm,fresh,md4c,no,8402.579575643176,8337.028249172185,8455.913851351352,0.45211121596269677
vite-docs-philosophy,3575,technical-docs,gfm,fresh,pulldown-cmark,no,7477.624828468064,7398.632948464148,7497.958224176647,0.5080357140551588
vite-docs-philosophy,3575,technical-docs,gfm,fresh,bun,no,18991.517045454544,18585.276884191175,19103.554924242424,0.20003143825082637
vite-docs-performance,8184,technical-docs,gfm,fresh,v2,no,9091.820538949276,9022.40660971223,9146.688754562045,1.0
vite-docs-performance,8184,technical-docs,gfm,fresh,ox-content,no,9302.203935185185,9262.259650735294,9367.799673507463,0.9773834891492603
vite-docs-performance,8184,technical-docs,gfm,fresh,v1,no,11420.040198863637,11364.934406992219,11467.6078125,0.7961285932998701
vite-docs-performance,8184,technical-docs,gfm,fresh,md4c,no,19865.748329768103,19782.88527328249,19918.9816468254,0.4576631289205206
vite-docs-performance,8184,technical-docs,gfm,fresh,pulldown-cmark,no,18456.312959558825,18357.733016304348,18518.487591911762,0.4926130456755434
vite-docs-performance,8184,technical-docs,gfm,fresh,bun,no,43129.730729166666,42929.1453125,43373.69827586207,0.2108016995524828
vite-docs-api-plugin,31890,reference,gfm,fresh,v2,no,73112.08767361111,72775.86024305556,74926.39338235295,1.0
vite-docs-api-plugin,31890,reference,gfm,fresh,ox-content,no,74182.52113970587,73198.13454861111,74587.12408088235,0.9855702738374333
vite-docs-api-plugin,31890,reference,gfm,fresh,v1,no,70671.11458333334,69807.38057383042,71483.47135416666,1.034539898014477
vite-docs-api-plugin,31890,reference,gfm,fresh,md4c,no,118385.12073863635,117454.19176136365,119465.37642045456,0.6175783512103995
vite-docs-api-plugin,31890,reference,gfm,fresh,pulldown-cmark,no,94336.03125,92540.78236607143,94947.77678571429,0.7750176332928052
vite-docs-api-plugin,31890,reference,gfm,fresh,bun,no,193189.82589285716,192033.94642857142,194098.77232142858,0.37844688422753164
vite-docs-features,39739,technical-docs,gfm,fresh,v2,no,70235.24392361111,69518.70888157895,71800.56423611112,1.0
vite-docs-features,39739,technical-docs,gfm,fresh,ox-content,no,71948.85763888889,70947.12065972222,73772.05366625817,0.9761828919664243
vite-docs-features,39739,technical-docs,gfm,fresh,v1,no,91331.56584821429,89870.80855654762,91529.203125,0.7690139030391357
vite-docs-features,39739,technical-docs,gfm,fresh,md4c,no,144615.95833333334,143297.67013888888,145106.26388888888,0.485667313158635
vite-docs-features,39739,technical-docs,gfm,fresh,pulldown-cmark,no,123623.10511363637,122247.03977272726,124959.92045454546,0.5681401050317393
vite-docs-features,39739,technical-docs,gfm,fresh,bun,no,250897.78749999998,250440.36562499998,253747.1375,0.27993568466047597
typescript-handbook-the-handbook,5337,technical-docs,gfm,fresh,v2,no,5609.141395739911,5562.326388888889,5609.331207959642,1.0
typescript-handbook-the-handbook,5337,technical-docs,gfm,fresh,ox-content,no,5792.643229166666,5757.863245412844,5823.049927325581,0.9683215716613098
typescript-handbook-the-handbook,5337,technical-docs,gfm,fresh,v1,no,5582.223679315476,5563.771143067846,5610.825952914798,1.0048220418906137
typescript-handbook-the-handbook,5337,technical-docs,gfm,fresh,md4c,no,10811.775996767241,10735.899572649574,10816.467941810344,0.5187992608630686
typescript-handbook-the-handbook,5337,technical-docs,gfm,fresh,pulldown-cmark,no,9558.767771946565,9526.039970615024,9560.680939885497,0.5868059073682941
typescript-handbook-the-handbook,5337,technical-docs,gfm,fresh,bun,no,26790.074135638297,26713.458444148935,26922.151928191488,0.20937386613194112
typescript-handbook-advanced-types,36745,reference,gfm,fresh,v2,no,60404.20386904762,59834.85267857143,60875.62053571428,1.0
typescript-handbook-advanced-types,36745,reference,gfm,fresh,ox-content,no,57066.40625,56565.35270503953,58053.91832386364,1.0584897111695661
typescript-handbook-advanced-types,36745,reference,gfm,fresh,v1,no,58487.897017045456,56642.578125,59331.885856331166,1.0327641606167457
typescript-handbook-advanced-types,36745,reference,gfm,fresh,md4c,no,123694.484375,123605.94176136365,124154.0,0.4883338507311484
typescript-handbook-advanced-types,36745,reference,gfm,fresh,pulldown-cmark,no,93531.94754464286,92985.30580357143,95945.43449519231,0.6458136011785348
typescript-handbook-advanced-types,36745,reference,gfm,fresh,bun,no,194750.37276785716,194362.8169642857,196383.46205357142,0.31016219897586306
typescript-handbook-compiler-options,54026,reference,gfm,fresh,v2,no,25669.323979591834,25408.763124999998,25864.29081632653,1.0
typescript-handbook-compiler-options,54026,reference,gfm,fresh,ox-content,no,25910.063137755104,25691.021045918365,25934.483737244896,0.9907086618475864
typescript-handbook-compiler-options,54026,reference,gfm,fresh,v1,no,26900.446143617024,26636.954122340423,26946.309840425532,0.954234135841003
typescript-handbook-compiler-options,54026,reference,gfm,fresh,md4c,no,101742.4375,101367.88822115384,102334.33413461538,0.252297120162782
typescript-handbook-compiler-options,54026,reference,gfm,fresh,pulldown-cmark,no,52711.61588541667,52255.10026041667,52806.966145833336,0.4869766093946206
typescript-handbook-compiler-options,54026,reference,gfm,fresh,bun,no,150340.85590277775,149587.09375,150852.64756944444,0.1707408397102092
typescript-handbook-typescript-5-0,50714,technical-docs,gfm,fresh,v2,no,71818.57449690402,70304.29079861111,71990.99392361111,1.0
typescript-handbook-typescript-5-0,50714,technical-docs,gfm,fresh,ox-content,no,69888.62838084795,69853.736750731,71295.64496527778,1.0276145942590134
typescript-handbook-typescript-5-0,50714,technical-docs,gfm,fresh,v1,no,94101.51674107143,93802.73325892858,95354.3984375,0.7632031553170299
typescript-handbook-typescript-5-0,50714,technical-docs,gfm,fresh,md4c,no,172779.052734375,172268.474609375,173049.234375,0.41566713881291856
typescript-handbook-typescript-5-0,50714,technical-docs,gfm,fresh,pulldown-cmark,no,131720.1171875,130352.9296875,131938.8015625,0.545236187382617
typescript-handbook-typescript-5-0,50714,technical-docs,gfm,fresh,bun,no,305163.8,305081.640625,309341.278125,0.23534434456807796
wiki-rainbow-first-paragraph,859,encyclopedia,commonmark,fresh,v2,no,1454.4715000583765,1449.6518944429808,1465.9709616132586,1.0
wiki-rainbow-first-paragraph,859,encyclopedia,commonmark,fresh,ox-content,no,1619.394037236988,1611.0630894258315,1627.8454277278947,0.8981578705452056
wiki-rainbow-first-paragraph,859,encyclopedia,commonmark,fresh,v1,no,2137.5854508881166,2131.3651245741057,2155.8253456251114,0.6804273014929427
wiki-rainbow-first-paragraph,859,encyclopedia,commonmark,fresh,md4c,no,3708.1777186342247,3692.1878687315634,3720.5039137015156,0.39223349321943485
wiki-rainbow-first-paragraph,859,encyclopedia,commonmark,fresh,pulldown-cmark,no,2807.590912275785,2791.236942114094,2808.7951995263766,0.518049653779299
wiki-rainbow-first-paragraph,859,encyclopedia,commonmark,fresh,bun,no,5152.188423923126,5138.494080936298,5172.9430526859505,0.2823016901526422
wiki-rainbow-lead,1859,encyclopedia,commonmark,fresh,v2,no,2270.913679673321,2258.062810243682,2272.6656840352252,1.0
wiki-rainbow-lead,1859,encyclopedia,commonmark,fresh,ox-content,no,2474.3693924931904,2468.6447238658775,2485.523424310289,0.9177747213342038
wiki-rainbow-lead,1859,encyclopedia,commonmark,fresh,v1,no,3171.179430379747,3142.020717328025,3220.4918321604646,0.7161101191304651
wiki-rainbow-lead,1859,encyclopedia,commonmark,fresh,md4c,no,5833.7844476744185,5811.137586805555,5929.835269633595,0.38926938422940854
wiki-rainbow-lead,1859,encyclopedia,commonmark,fresh,pulldown-cmark,no,4767.763783269962,4733.805011792453,4981.724486335232,0.4763058286658277
wiki-rainbow-lead,1859,encyclopedia,commonmark,fresh,bun,no,10079.828881048386,9966.233630952382,10277.413848958333,0.22529288011456072
wiki-rainbow-article-body,48422,encyclopedia,commonmark,fresh,v2,no,47902.3917824074,47525.80034722222,48138.81655092593,1.0
wiki-rainbow-article-body,48422,encyclopedia,commonmark,fresh,ox-content,no,51890.208125000005,51766.875625,52738.606770833336,0.9231489622669036
wiki-rainbow-article-body,48422,encyclopedia,commonmark,fresh,v1,no,69940.78947368421,69739.07638888889,70983.109375,0.6848992146482856
wiki-rainbow-article-body,48422,encyclopedia,commonmark,fresh,md4c,no,114504.61647727274,114318.43288352274,116767.81392045454,0.41834463322197346
wiki-rainbow-article-body,48422,encyclopedia,commonmark,fresh,pulldown-cmark,no,105773.43880208334,105156.63020833334,106056.36848958334,0.45287732274677545
wiki-rainbow-article-body,48422,encyclopedia,commonmark,fresh,bun,no,285911.196875,285326.5625,288991.665625,0.16754290250252166
wiki-rainbow-plain-prose,38800,plain-prose,commonmark,fresh,v2,yes,9112.073482789856,9039.872864208633,9178.107105718656,1.0
wiki-rainbow-plain-prose,38800,plain-prose,commonmark,fresh,ox-content,yes,9108.794723731884,9044.832958633095,9182.738366788322,1.0003599553132347
wiki-rainbow-plain-prose,38800,plain-prose,commonmark,fresh,v1,yes,12139.22295673077,12034.93719951923,12201.443719660194,0.7506307047221283
wiki-rainbow-plain-prose,38800,plain-prose,commonmark,fresh,md4c,yes,43959.97198275862,43665.79094827586,44154.00484913793,0.20728114854949561
wiki-rainbow-plain-prose,38800,plain-prose,commonmark,fresh,pulldown-cmark,yes,37495.48069852941,37109.01102941176,37612.70634191176,0.24301791344009185
wiki-rainbow-plain-prose,38800,plain-prose,commonmark,fresh,bun,yes,193169.1763392857,191216.61160714284,196870.81473214284,0.04717146728826576
wiki-tea-first-paragraph,1126,encyclopedia,commonmark,fresh,v2,no,2702.3768566203908,2683.6929318669527,2746.247598940259,1.0
wiki-tea-first-paragraph,1126,encyclopedia,commonmark,fresh,ox-content,no,3015.1015880844134,2975.350096496437,3031.700855024213,0.8962805324039823
wiki-tea-first-paragraph,1126,encyclopedia,commonmark,fresh,v1,no,5590.474469866072,5504.902136044613,5669.806123558981,0.48338953539396634
wiki-tea-first-paragraph,1126,encyclopedia,commonmark,fresh,md4c,no,6293.917478015075,6209.738629331683,6313.290439730217,0.42936324889226934
wiki-tea-first-paragraph,1126,encyclopedia,commonmark,fresh,pulldown-cmark,no,4872.66688959144,4846.076815551016,4889.52469028954,0.5545991379778021
wiki-tea-first-paragraph,1126,encyclopedia,commonmark,fresh,bun,no,8094.749697580645,8013.697081572554,8131.819094967532,0.3338431647155286
wiki-tea-lead,6363,encyclopedia,commonmark,fresh,v2,no,12775.622281488353,12744.19981060606,12816.59231505102,1.0
wiki-tea-lead,6363,encyclopedia,commonmark,fresh,ox-content,no,14304.554509943182,14259.980113636364,14330.070667613636,0.8931157046944692
wiki-tea-lead,6363,encyclopedia,commonmark,fresh,v1,no,40250.7939453125,40157.89794921875,40278.050576486894,0.3174005039216417
wiki-tea-lead,6363,encyclopedia,commonmark,fresh,md4c,no,28495.51669034091,28414.69721433081,28555.486860795456,0.4483379761216574
wiki-tea-lead,6363,encyclopedia,commonmark,fresh,pulldown-cmark,no,24923.125919117647,24783.126531862745,25016.276041666664,0.5126011208605509
wiki-tea-lead,6363,encyclopedia,commonmark,fresh,bun,no,43662.8275862069,43449.89224137931,43678.20581896552,0.2925972271553979
wiki-tea-article-body,58814,encyclopedia,commonmark,fresh,v2,no,86553.81875,85161.06875,86957.075,1.0
wiki-tea-article-body,58814,encyclopedia,commonmark,fresh,ox-content,no,93572.17299107142,92170.06138392858,93754.60267857143,0.9249952842097501
wiki-tea-article-body,58814,encyclopedia,commonmark,fresh,v1,no,152720.19618055556,149877.53298611112,153586.51736111112,0.566747692280794
wiki-tea-article-body,58814,encyclopedia,commonmark,fresh,md4c,no,184067.0580357143,181280.68973214284,185825.89285714284,0.47022981555562254
wiki-tea-article-body,58814,encyclopedia,commonmark,fresh,pulldown-cmark,no,171511.962890625,169403.56640625,172069.3359375,0.50465178808079
wiki-tea-article-body,58814,encyclopedia,commonmark,fresh,bun,no,382799.4765625,378625.8125,383973.95703125,0.22610746369677517
wiki-tea-plain-prose,40577,plain-prose,commonmark,fresh,v2,yes,12230.71526092233,12189.332979368932,12268.005667892157,1.0
wiki-tea-plain-prose,40577,plain-prose,commonmark,fresh,ox-content,yes,12296.945159313726,12265.788742742243,12309.646905637255,0.9946141177720685
wiki-tea-plain-prose,40577,plain-prose,commonmark,fresh,v1,yes,14812.859926470588,14747.562730848153,14878.973450630252,0.8256822329809543
wiki-tea-plain-prose,40577,plain-prose,commonmark,fresh,md4c,yes,46827.28125,46598.28298611111,46997.20254629629,0.26118781476177055
wiki-tea-plain-prose,40577,plain-prose,commonmark,fresh,pulldown-cmark,yes,40334.8656123992,40279.06158644153,40572.13911290323,0.30322935443629023
wiki-tea-plain-prose,40577,plain-prose,commonmark,fresh,bun,yes,207361.9799107143,206529.48214285713,208614.90885416666,0.05898243866203737
wiki-chess-first-paragraph,1190,encyclopedia,commonmark,fresh,v2,no,2070.741083120108,2058.468693352093,2082.2217075027684,1.0
wiki-chess-first-paragraph,1190,encyclopedia,commonmark,fresh,ox-content,no,2309.930054385359,2309.4405846402215,2342.738061797753,0.8964518554095804
wiki-chess-first-paragraph,1190,encyclopedia,commonmark,fresh,v1,no,3699.387544100513,3694.4617441002947,3763.183462170755,0.5597524072389659
wiki-chess-first-paragraph,1190,encyclopedia,commonmark,fresh,md4c,no,5192.026436743425,5189.409132167107,5223.923111979167,0.398830997559198
wiki-chess-first-paragraph,1190,encyclopedia,commonmark,fresh,pulldown-cmark,no,4110.173309426229,4090.8074959150326,4134.750567244224,0.5038087027549646
wiki-chess-first-paragraph,1190,encyclopedia,commonmark,fresh,bun,no,7206.6907327586205,7180.654732142857,7258.907604768787,0.287335916013071
wiki-chess-lead,4125,encyclopedia,commonmark,fresh,v2,no,6458.199097938144,6415.18766025641,6510.261477139329,1.0
wiki-chess-lead,4125,encyclopedia,commonmark,fresh,ox-content,no,7307.265273315314,7249.179133044307,7354.429459064328,0.8838052070618277
wiki-chess-lead,4125,encyclopedia,commonmark,fresh,v1,no,11072.663163716814,11002.786869517544,11118.697040929204,0.5832561690398509
wiki-chess-lead,4125,encyclopedia,commonmark,fresh,md4c,no,15716.951562499999,15668.266613618827,15816.622332377374,0.4109065980292987
wiki-chess-lead,4125,encyclopedia,commonmark,fresh,pulldown-cmark,no,13536.135287006195,13416.665177805422,13581.68128360215,0.4771080490114186
wiki-chess-lead,4125,encyclopedia,commonmark,fresh,bun,no,25379.6484375,25284.01,25408.5284375,0.25446369416196307
wiki-chess-article-body,113609,encyclopedia,commonmark,fresh,v2,no,174129.80078125,173050.29296875,174598.0625,1.0
wiki-chess-article-body,113609,encyclopedia,commonmark,fresh,ox-content,no,190577.19642857142,189566.59375,191256.69642857142,0.9136969377472928
wiki-chess-article-body,113609,encyclopedia,commonmark,fresh,v1,no,251519.009375,249013.84375,252798.565625,0.6923126852874677
wiki-chess-article-body,113609,encyclopedia,commonmark,fresh,md4c,no,355147.625,351868.65625,357071.6171875,0.49030259115839503
wiki-chess-article-body,113609,encyclopedia,commonmark,fresh,pulldown-cmark,no,325130.046875,321179.03515625,326134.6015625,0.535569697279305
wiki-chess-article-body,113609,encyclopedia,commonmark,fresh,bun,no,741833.0078125,738002.9296875,743478.1875,0.23472910877168965
wiki-chess-plain-prose,80966,plain-prose,commonmark,fresh,v2,yes,28779.651633522728,28707.386363636364,28847.908025568184,1.0
wiki-chess-plain-prose,80966,plain-prose,commonmark,fresh,ox-content,yes,29027.905894886364,28722.138494318184,29089.015269886364,0.9914477378332907
wiki-chess-plain-prose,80966,plain-prose,commonmark,fresh,v1,yes,34366.09628378379,34021.04391891892,34573.1102195946,0.8374431415156944
wiki-chess-plain-prose,80966,plain-prose,commonmark,fresh,md4c,yes,101096.95432692308,100343.5,101326.62139423078,0.28467377504228564
wiki-chess-plain-prose,80966,plain-prose,commonmark,fresh,pulldown-cmark,yes,86041.40520833334,85513.45520833333,86426.259375,0.33448607172137795
wiki-chess-plain-prose,80966,plain-prose,commonmark,fresh,bun,yes,429328.9947916667,422841.796875,429837.4635416666,0.06703402747696588
wiki-volcano-first-paragraph,2644,encyclopedia,commonmark,fresh,v2,no,3758.1800863363364,3751.5594124251493,3799.518112640235,1.0
wiki-volcano-first-paragraph,2644,encyclopedia,commonmark,fresh,ox-content,no,4301.450225515464,4264.300807823129,4353.383750688094,0.8737007030892646
wiki-volcano-first-paragraph,2644,encyclopedia,commonmark,fresh,v1,no,9116.71580615942,9097.986526268116,9329.649996545053,0.4122295973948471
wiki-volcano-first-paragraph,2644,encyclopedia,commonmark,fresh,md4c,no,9420.293820488721,9406.58282424812,9540.7746275373,0.39894510276977363
wiki-volcano-first-paragraph,2644,encyclopedia,commonmark,fresh,pulldown-cmark,no,7784.072593167702,7783.635869565218,7927.386281696912,0.48280383325754134
wiki-volcano-first-paragraph,2644,encyclopedia,commonmark,fresh,bun,no,15265.505907012195,15236.030120481928,15590.060218942901,0.2461877195049278
wiki-volcano-lead,4232,encyclopedia,commonmark,fresh,v2,no,5017.5234375,4999.585968625498,5043.067684042622,1.0
wiki-volcano-lead,4232,encyclopedia,commonmark,fresh,ox-content,no,5691.5589141556975,5659.4640353022705,5713.661247535285,0.8815727840435285
wiki-volcano-lead,4232,encyclopedia,commonmark,fresh,v1,no,10877.265803035982,10873.625,11057.080455043859,0.461285356849471
wiki-volcano-lead,4232,encyclopedia,commonmark,fresh,md4c,no,12965.957796391753,12934.325225515464,12979.455380154639,0.386976690522339
wiki-volcano-lead,4232,encyclopedia,commonmark,fresh,pulldown-cmark,no,11101.91072208314,11031.918174342105,11146.582411504423,0.45195134090922706
wiki-volcano-lead,4232,encyclopedia,commonmark,fresh,bun,no,23739.11674528302,23549.16579861111,23883.844339622643,0.21136099928810476
wiki-volcano-article-body,69241,encyclopedia,commonmark,fresh,v2,no,102358.27283653847,101285.25721153847,103200.97115384616,1.0
wiki-volcano-article-body,69241,encyclopedia,commonmark,fresh,ox-content,no,111365.99348958334,108484.15885416667,112088.64973958334,0.9191160571482047
wiki-volcano-article-body,69241,encyclopedia,commonmark,fresh,v1,no,158773.275390625,157327.63671875,159976.236328125,0.644682000700115
wiki-volcano-article-body,69241,encyclopedia,commonmark,fresh,md4c,no,218510.3072916667,216784.7239583333,220828.77604166666,0.4684368170326677
wiki-volcano-article-body,69241,encyclopedia,commonmark,fresh,pulldown-cmark,no,202813.9888392857,200391.64732142858,203914.62053571426,0.5046903984401659
wiki-volcano-article-body,69241,encyclopedia,commonmark,fresh,bun,no,444716.359375,441242.6197916667,448235.4583333333,0.2301652967756612
wiki-volcano-plain-prose,47303,plain-prose,commonmark,fresh,v2,yes,15609.094955632716,15531.949266975309,15746.6064453125,1.0
wiki-volcano-plain-prose,47303,plain-prose,commonmark,fresh,ox-content,yes,15626.366319444445,15550.700810185186,15781.34765625,0.9988947293658259
wiki-volcano-plain-prose,47303,plain-prose,commonmark,fresh,v1,yes,19663.2587890625,19626.790283203125,19849.059814453125,0.7938203490621364
wiki-volcano-plain-prose,47303,plain-prose,commonmark,fresh,md4c,yes,57629.3203125,57563.920454545456,58191.790482954544,0.270853358515961
wiki-volcano-plain-prose,47303,plain-prose,commonmark,fresh,pulldown-cmark,yes,50596.04125,50595.755000000005,51201.719375,0.30850427365466493
wiki-volcano-plain-prose,47303,plain-prose,commonmark,fresh,bun,yes,241993.8151041667,240578.125,242587.7838541667,0.06450204088444886
comment-ack,37,comments,gfm,reuse,v2,yes,68.14888150801224,67.88252761307643,68.22185518136726,1.0
comment-ack,37,comments,gfm,reuse,ox-content,yes,68.24202371807593,67.5224234399441,68.53223882584082,0.9986351194617487
comment-ack,37,comments,gfm,reuse,v1,yes,84.6047411862042,83.51721549976722,84.6957167707958,0.8054971926221638
comment-ack,37,comments,gfm,reuse,md4c,yes,749.7060516516301,743.9062513713125,751.4870987456187,0.09090080219824521
comment-ack,37,comments,gfm,reuse,pulldown-cmark,yes,155.22724085394532,153.13139876583085,155.33214260152795,0.4390265595980935
comment-ack,37,comments,gfm,reuse,bun,yes,293.00614042101085,290.44497482737756,293.41564295698953,0.2325851649733052
comment-question,160,comments,gfm,reuse,v2,yes,79.49532962699666,79.17611422400778,80.07068583202579,1.0
comment-question,160,comments,gfm,reuse,ox-content,yes,79.0518300605332,78.86704255034743,79.3311481304462,1.0056102378164282
comment-question,160,comments,gfm,reuse,v1,yes,99.38038203768552,99.12271519144298,99.40094743204773,0.7999096803315935
comment-question,160,comments,gfm,reuse,md4c,yes,853.5791692704036,844.6259272442398,855.0779881236599,0.09313175917231586
comment-question,160,comments,gfm,reuse,pulldown-cmark,yes,263.62650371852595,260.8688575082018,263.73397748268894,0.3015452866297307
comment-question,160,comments,gfm,reuse,bun,yes,780.6929110133864,776.6536231561169,783.9729427899686,0.1018266318363349
comment-review,282,comments,gfm,reuse,v2,yes,131.09562329878204,129.8564948343358,132.07640229852205,1.0
comment-review,282,comments,gfm,reuse,ox-content,yes,130.53443052947148,129.8208943568106,135.6435058844466,1.0042991934544339
comment-review,282,comments,gfm,reuse,v1,yes,175.5645749722459,175.53067653304976,177.29329842160615,0.7467088580911398
comment-review,282,comments,gfm,reuse,md4c,yes,1015.999242066814,1009.7855063323891,1017.5260820522496,0.1290312215510107
comment-review,282,comments,gfm,reuse,pulldown-cmark,yes,448.2459901554173,440.23796019628435,448.45291471593066,0.2924635717395445
comment-review,282,comments,gfm,reuse,bun,yes,1330.1232416667233,1322.27731897463,1341.913215370765,0.0985590050546831
comment-links,278,comments,gfm,reuse,v2,yes,359.92019371790343,359.89729508491655,362.0846964673166,1.0
comment-links,278,comments,gfm,reuse,ox-content,yes,384.9163571813424,384.04329269358817,387.2334742757989,0.935060791787389
comment-links,278,comments,gfm,reuse,v1,yes,457.0226993228615,456.6306538700363,457.9134053058033,0.7875324228997201
comment-links,278,comments,gfm,reuse,md4c,yes,1356.1178602699335,1355.0938497379448,1366.3916106233219,0.26540480312401593
comment-links,278,comments,gfm,reuse,pulldown-cmark,yes,680.2173786683302,676.4906506999879,681.3844601498638,0.529125254668623
comment-links,278,comments,gfm,reuse,bun,yes,1624.7040584415586,1618.2263375105435,1625.271139561713,0.22152969449903664
comment-checklist,287,comments,gfm,reuse,v2,no,518.0607667364097,517.8103346815839,521.1786621346324,1.0
comment-checklist,287,comments,gfm,reuse,ox-content,no,522.7252234009197,522.1479124288758,524.195920468258,0.9910766566148034
comment-checklist,287,comments,gfm,reuse,v1,no,619.2023654187706,617.2219471827659,619.647252985274,0.8366582488522017
comment-checklist,287,comments,gfm,reuse,md4c,no,1444.1688476848644,1441.8543997888528,1457.2761275585888,0.3587258979910201
comment-checklist,287,comments,gfm,reuse,pulldown-cmark,no,831.5138599784175,827.8865687086093,832.8242456129408,0.6230332309191531
comment-checklist,287,comments,gfm,reuse,bun,no,1815.201006909336,1813.2676721145958,1825.178472938967,0.2854013218175156
comment-quote,290,comments,gfm,reuse,v2,yes,188.98450264766714,188.15587999921257,191.57257273927593,1.0
comment-quote,290,comments,gfm,reuse,ox-content,yes,189.82761467991344,189.6203802095087,191.3173138688635,0.995558538552634
comment-quote,290,comments,gfm,reuse,v1,yes,225.34572168225645,224.3605432413631,227.64968707188012,0.8386425144300738
comment-quote,290,comments,gfm,reuse,md4c,yes,1074.4912630452914,1070.6440650609873,1087.2078560086202,0.175882772757084
comment-quote,290,comments,gfm,reuse,pulldown-cmark,yes,484.89460710783123,484.4256248223263,490.88317691388556,0.38974346152222855
comment-quote,290,comments,gfm,reuse,bun,yes,1437.3323635057473,1437.1961396310803,1455.1479064634552,0.13148281319340896
comment-unicode,327,comments,gfm,reuse,v2,yes,340.31386423617363,340.1623885817978,340.347064728234,1.0
comment-unicode,327,comments,gfm,reuse,ox-content,yes,340.9831775070601,338.9173978417066,341.8334653514598,0.9980371076491813
comment-unicode,327,comments,gfm,reuse,v1,yes,404.7009536569946,404.60068153247516,408.7381726491225,0.8409020565951213
comment-unicode,327,comments,gfm,reuse,md4c,yes,1300.422384181286,1288.9905132315366,1310.0930849323267,0.26169486804891234
comment-unicode,327,comments,gfm,reuse,pulldown-cmark,yes,749.155751962801,747.4370797220562,750.617431347539,0.45426316669737293
comment-unicode,327,comments,gfm,reuse,bun,yes,1702.4571428571428,1698.2947309236456,1711.968979091318,0.1998957011423166
comment-inline-code,285,comments,gfm,reuse,v2,yes,202.10093772085543,200.6532667981469,202.75697499175476,1.0
comment-inline-code,285,comments,gfm,reuse,ox-content,yes,201.41067903678214,199.5279450363103,201.96570203993394,1.0034271205845406
comment-inline-code,285,comments,gfm,reuse,v1,yes,334.49723209907364,332.43391537593885,335.6262859691653,0.6041931541633678
comment-inline-code,285,comments,gfm,reuse,md4c,yes,1147.2286486121948,1132.0035078504125,1150.1995745170193,0.1761644794743728
comment-inline-code,285,comments,gfm,reuse,pulldown-cmark,yes,613.3231176386398,604.5604128213016,617.2868004831153,0.32951788691573514
comment-inline-code,285,comments,gfm,reuse,bun,yes,1405.7965156413911,1384.8427623809184,1408.0515801418546,0.14376258261576882
comment-reproduction,298,comments,gfm,reuse,v2,yes,238.72126074977217,237.84042750597996,239.56647412141206,1.0
comment-reproduction,298,comments,gfm,reuse,ox-content,yes,238.06602327118014,237.46179885006546,239.48520559097528,1.0027523351278298
comment-reproduction,298,comments,gfm,reuse,v1,yes,317.40954143845244,316.9227682155124,317.8539286319491,0.7520922643595502
comment-reproduction,298,comments,gfm,reuse,md4c,yes,1250.1979801657944,1243.7236127235344,1261.2487960094734,0.1909467656619588
comment-reproduction,298,comments,gfm,reuse,pulldown-cmark,yes,534.7851962111981,532.6519447702857,535.8798422096013,0.44638718955020595
comment-reproduction,298,comments,gfm,reuse,bun,yes,1398.0573484347856,1392.8672474401756,1409.267349239285,0.17075212330669828
comment-table,310,comments,gfm,reuse,v2,yes,915.5318676793559,910.4834304442826,930.5605700390212,1.0
comment-table,310,comments,gfm,reuse,ox-content,yes,921.6168788282732,913.8535727339181,931.1598690196203,0.9933974612567277
comment-table,310,comments,gfm,reuse,v1,yes,788.7260214531643,788.6588125278959,792.7649661458522,1.1607729969306224
comment-table,310,comments,gfm,reuse,md4c,yes,2127.529073508995,2105.6232901936028,2150.2639519736067,0.4303263720713074
comment-table,310,comments,gfm,reuse,pulldown-cmark,yes,1148.522662667049,1137.747739422202,1163.119573841532,0.797138704736873
comment-table,310,comments,gfm,reuse,bun,yes,2189.525469650963,2167.4870102594427,2225.558373251817,0.4181416842916666
comment-review-long,957,comments,gfm,reuse,v2,yes,654.9907076262419,654.4325185931609,655.5844323694861,1.0
comment-review-long,957,comments,gfm,reuse,ox-content,yes,661.8446846876654,660.7049924154702,666.7868166666667,0.9896441306850443
comment-review-long,957,comments,gfm,reuse,v1,yes,770.5122146294021,767.1909280554953,775.4425249809531,0.850071803133292
comment-review-long,957,comments,gfm,reuse,md4c,yes,2106.3548398453777,2101.499047996554,2114.1863415406206,0.3109593384912882
comment-review-long,957,comments,gfm,reuse,pulldown-cmark,yes,1570.5871832894081,1568.3519816440412,1582.3181046614204,0.4170355613461978
comment-review-long,957,comments,gfm,reuse,bun,yes,4543.864816576087,4540.171139039855,4566.415716240876,0.14414837017968185
comment-incident,1124,comments,gfm,reuse,v2,no,1218.1591093250568,1217.8767784933443,1234.2798772211254,1.0
comment-incident,1124,comments,gfm,reuse,ox-content,no,1215.5949010417798,1206.6139901061774,1231.8297513804077,1.0021094266528094
comment-incident,1124,comments,gfm,reuse,v1,no,1218.3253901920002,1208.6201539855074,1232.9649086354,0.9998635168664447
comment-incident,1124,comments,gfm,reuse,md4c,no,2710.9785047122527,2709.7250110191235,2758.8716060818233,0.449342961298896
comment-incident,1124,comments,gfm,reuse,pulldown-cmark,no,2080.6548598231907,2080.538750044914,2101.86614069597,0.5854690909325408
comment-incident,1124,comments,gfm,reuse,bun,no,5433.56838474026,5430.992424242424,5553.985027962143,0.22419136432443892
guard-angle-link,41,syntax-guard,commonmark,reuse,v2,no,181.25779869490808,179.9190123109139,181.29030723021987,1.0
guard-angle-link,41,syntax-guard,commonmark,reuse,ox-content,no,190.97372325336778,189.60870205431092,192.32526499863678,0.9491242858287398
guard-angle-link,41,syntax-guard,commonmark,reuse,v1,no,295.32258687407165,292.87498427645664,297.2565850935862,0.6137620580040433
guard-angle-link,41,syntax-guard,commonmark,reuse,md4c,no,944.2091785164921,938.0656475816527,944.9087171677056,0.19196784231614217
guard-angle-link,41,syntax-guard,commonmark,reuse,pulldown-cmark,no,314.22343024782083,313.36032942506836,317.45795822524246,0.5768436763355114
guard-angle-link,41,syntax-guard,commonmark,reuse,bun,no,466.2114053976098,463.0480468304183,470.2188278109264,0.38878885543420333
legacy-contributing,9323,technical-docs,gfm,reuse,v2,no,10866.80132707084,10781.065164032567,10867.674906296852,1.0
legacy-contributing,9323,technical-docs,gfm,reuse,ox-content,no,11026.761239035088,10954.557201086958,11058.779631947678,0.9854934818577566
legacy-contributing,9323,technical-docs,gfm,reuse,v1,no,14718.267463235294,14546.968246708768,14733.287316176471,0.7383206857882548
legacy-contributing,9323,technical-docs,gfm,reuse,md4c,no,23076.40902777778,23007.279829545456,23083.060795454545,0.47090521380471884
legacy-contributing,9323,technical-docs,gfm,reuse,pulldown-cmark,no,21909.76830478675,21841.336745689652,22022.763432017542,0.49597974638082815
legacy-contributing,9323,technical-docs,gfm,reuse,bun,no,48130.20833333333,47571.92766203704,48207.89910523505,0.22577922895764543
legacy-node-ferromark-readme,9075,readme,gfm,reuse,v2,no,10790.307314692014,10709.51842948718,10813.992995689656,1.0
legacy-node-ferromark-readme,9075,readme,gfm,reuse,ox-content,no,10993.300171624713,10909.69592455006,11015.619243421053,0.9815348572527245
legacy-node-ferromark-readme,9075,readme,gfm,reuse,v1,no,14738.970772058823,14564.736563585939,14764.613970588234,0.7320936774735705
legacy-node-ferromark-readme,9075,readme,gfm,reuse,md4c,no,25241.276250000003,25055.442499999997,25285.0,0.4274865980555168
legacy-node-ferromark-readme,9075,readme,gfm,reuse,pulldown-cmark,no,22107.33059210526,22023.586074561405,22110.47149122807,0.4880873007139694
legacy-node-ferromark-readme,9075,readme,gfm,reuse,bun,no,47602.068865740745,46751.615740740745,47706.98263888889,0.22667727625716302
legacy-docs-migration-0-2,1985,technical-docs,gfm,reuse,v2,no,2333.4219916044776,2292.858026157711,2337.6079776023325,1.0
legacy-docs-migration-0-2,1985,technical-docs,gfm,reuse,ox-content,no,2345.0192819884796,2328.3241911945406,2359.1524219499524,0.9950545010554591
legacy-docs-migration-0-2,1985,technical-docs,gfm,reuse,v1,no,3460.657804249885,3414.4754411107806,3468.2251558171747,0.6742712292266813
legacy-docs-migration-0-2,1985,technical-docs,gfm,reuse,md4c,no,5439.863586956522,5342.056633024186,5461.127588048224,0.4289486223881532
legacy-docs-migration-0-2,1985,technical-docs,gfm,reuse,pulldown-cmark,no,4678.268773320895,4610.367092535815,4695.702654415181,0.49877895107511855
legacy-docs-migration-0-2,1985,technical-docs,gfm,reuse,bun,no,8942.46331053698,8839.61648419802,8996.05882258479,0.2609372731621931
legacy-docs-migration-0-3,2379,technical-docs,gfm,reuse,v2,no,2946.4386574458545,2937.2436350564813,2973.4642091887226,1.0
legacy-docs-migration-0-3,2379,technical-docs,gfm,reuse,ox-content,no,2964.214013181354,2958.7258421985816,2979.7712627870624,0.9940033494017451
legacy-docs-migration-0-3,2379,technical-docs,gfm,reuse,v1,no,3568.9069075707375,3557.509898792614,3589.532190186246,0.8255857420084456
legacy-docs-migration-0-3,2379,technical-docs,gfm,reuse,md4c,no,6368.953982084586,6366.718194796955,6371.146573604061,0.46262520748838454
legacy-docs-migration-0-3,2379,technical-docs,gfm,reuse,pulldown-cmark,no,5245.992188324103,5181.837940121224,5256.12252942495,0.5616551744022193
legacy-docs-migration-0-3,2379,technical-docs,gfm,reuse,bun,no,10887.110794602699,10799.799030172413,10922.95625,0.2706354985297436
legacy-docs-migration-0-4,7045,technical-docs,gfm,reuse,v2,no,7566.723926957831,7535.394086826347,7586.097910962029,1.0
legacy-docs-migration-0-4,7045,technical-docs,gfm,reuse,ox-content,no,7520.9346931137725,7492.098400297619,7564.3093054034325,1.0060882371290876
legacy-docs-migration-0-4,7045,technical-docs,gfm,reuse,v1,no,11750.359082943925,11600.754007124957,11765.965829439252,0.6439568249400316
legacy-docs-migration-0-4,7045,technical-docs,gfm,reuse,md4c,no,18976.1875,18935.177705223883,19207.887685751746,0.39874837487550285
legacy-docs-migration-0-4,7045,technical-docs,gfm,reuse,pulldown-cmark,no,16051.265424679486,16021.53198535378,16169.362580128205,0.4714098064395396
legacy-docs-migration-0-4,7045,technical-docs,gfm,reuse,bun,no,33366.94777960527,33078.399291497975,33805.93137668919,0.22677303231141827
legacy-docs-migration-0-8,2374,technical-docs,gfm,reuse,v2,no,2977.1359290520477,2945.7107720588237,2984.581421095437,1.0
legacy-docs-migration-0-8,2374,technical-docs,gfm,reuse,ox-content,no,2975.353529719489,2960.342311935593,2998.670728924035,1.0005990546382992
legacy-docs-migration-0-8,2374,technical-docs,gfm,reuse,v1,no,4105.9234118852455,4072.641922373723,4133.987778465346,0.7250831616669362
legacy-docs-migration-0-8,2374,technical-docs,gfm,reuse,md4c,no,6881.36329551973,6869.908982240437,6902.113885294609,0.432637516898778
legacy-docs-migration-0-8,2374,technical-docs,gfm,reuse,pulldown-cmark,no,5691.198991391868,5624.214686098654,5767.40335693411,0.5231122534206003
legacy-docs-migration-0-8,2374,technical-docs,gfm,reuse,bun,no,10685.944309765682,10623.261917372882,10740.236101900973,0.2786029800222054
legacy-docs-releasing,4141,technical-docs,gfm,reuse,v2,no,5151.107755554804,5097.24599847561,5170.45719266529,1.0
legacy-docs-releasing,4141,technical-docs,gfm,reuse,ox-content,no,5093.945884146342,5053.248461120134,5185.701817335225,1.0112215309523338
legacy-docs-releasing,4141,technical-docs,gfm,reuse,v1,no,8593.49582619863,8537.419323979591,8685.182966654695,0.5994193585165699
legacy-docs-releasing,4141,technical-docs,gfm,reuse,md4c,no,10580.066024026135,10478.271354166667,10636.150423728814,0.48686915033017936
legacy-docs-releasing,4141,technical-docs,gfm,reuse,pulldown-cmark,no,11476.728905598415,11468.433342889908,11634.524450231482,0.44883065531347205
legacy-docs-releasing,4141,technical-docs,gfm,reuse,bun,no,20879.53567708333,20764.376280737706,21192.08964954096,0.24670604917754393
legacy-docs-readme-theme,2848,technical-docs,gfm,reuse,v2,no,2441.6046142578125,2436.0814725455284,2461.196332767082,1.0
legacy-docs-readme-theme,2848,technical-docs,gfm,reuse,ox-content,no,2474.0113252338547,2463.9953248031497,2496.18475062251,0.9869011468761247
legacy-docs-readme-theme,2848,technical-docs,gfm,reuse,v1,no,3834.7432898773004,3827.890099388379,3868.286651234568,0.6367061442425618
legacy-docs-readme-theme,2848,technical-docs,gfm,reuse,md4c,no,6679.5306748848,6645.551558278454,6713.696687582658,0.3655353546677024
legacy-docs-readme-theme,2848,technical-docs,gfm,reuse,pulldown-cmark,no,6149.64705882353,6134.988519249163,6186.146771585256,0.397031665541617
legacy-docs-readme-theme,2848,technical-docs,gfm,reuse,bun,no,13823.231456043955,13798.334478021978,13904.665661248473,0.17663052391344178
legacy-docs-markdown-extensions,3707,technical-docs,gfm,reuse,v2,no,3907.5009634995813,3890.756776966812,3944.381936901077,1.0
legacy-docs-markdown-extensions,3707,technical-docs,gfm,reuse,ox-content,no,3983.8427697844,3939.4553044647637,3987.1240538947204,0.980837143758826
legacy-docs-markdown-extensions,3707,technical-docs,gfm,reuse,v1,no,6318.379004396985,6286.087383401382,6354.645859771574,0.6184340889934484
legacy-docs-markdown-extensions,3707,technical-docs,gfm,reuse,md4c,no,9275.487037037037,9193.119039991681,9306.456972947763,0.4212717831308397
legacy-docs-markdown-extensions,3707,technical-docs,gfm,reuse,pulldown-cmark,no,9206.078699448528,9130.987682481751,9222.517463235294,0.424447920886626
legacy-docs-markdown-extensions,3707,technical-docs,gfm,reuse,bun,no,18883.512126865673,18808.943330223883,19153.803740530304,0.20692660016037795
legacy-docs-mdx,7422,technical-docs,gfm,reuse,v2,no,7645.924637957317,7609.323674242424,7673.194358002581,1.0
legacy-docs-mdx,7422,technical-docs,gfm,reuse,ox-content,no,7702.274252300613,7700.4529332822085,7722.247372756192,0.9926840290935545
legacy-docs-mdx,7422,technical-docs,gfm,reuse,v1,no,10142.793346774193,10063.791625,10230.008257113821,0.7538282972499899
legacy-docs-mdx,7422,technical-docs,gfm,reuse,md4c,no,19292.357451923075,19215.35653409091,19322.48605769231,0.39631883542543245
legacy-docs-mdx,7422,technical-docs,gfm,reuse,pulldown-cmark,no,15171.137612951807,15089.934546220597,15257.651479393182,0.5039783326090119
legacy-docs-mdx,7422,technical-docs,gfm,reuse,bun,no,36875.34466911765,36803.1456407563,36954.177849264706,0.20734517077912556
legacy-docs-readme,1825,readme,gfm,reuse,v2,no,4426.693414733854,4392.3884868421055,4435.658734736424,1.0
legacy-docs-readme,1825,readme,gfm,reuse,ox-content,no,4476.397377232142,4439.35388962766,4479.243415178571,0.9888964365069347
legacy-docs-readme,1825,readme,gfm,reuse,v1,no,5082.230970837036,4994.484767857142,5084.4349135767425,0.8710138205318095
legacy-docs-readme,1825,readme,gfm,reuse,md4c,no,8947.232705642098,8910.844193262412,8965.239617614418,0.4947555920773576
legacy-docs-readme,1825,readme,gfm,reuse,pulldown-cmark,no,6336.558948863636,6299.85215138191,6338.758687365405,0.6985957915735501
legacy-docs-readme,1825,readme,gfm,reuse,bun,no,12362.279105392157,12355.992034313726,12497.988861386139,0.3580806886007797
legacy-docs-adr-readme-theme-composition,1532,technical-docs,gfm,reuse,v2,no,1483.5925831951963,1475.6231367846212,1491.2443589559184,1.0
legacy-docs-adr-readme-theme-composition,1532,technical-docs,gfm,reuse,ox-content,no,1490.5998770858164,1474.1915667832031,1494.872335855013,0.9952990108221935
legacy-docs-adr-readme-theme-composition,1532,technical-docs,gfm,reuse,v1,no,2044.027985104514,2024.4973765738673,2051.5757482612016,0.7258181365453947
legacy-docs-adr-readme-theme-composition,1532,technical-docs,gfm,reuse,md4c,no,3694.58488785677,3665.8342650293253,3698.6549763488156,0.4015586671377928
legacy-docs-adr-readme-theme-composition,1532,technical-docs,gfm,reuse,pulldown-cmark,no,3362.4236811155915,3327.2107712765956,3372.623947102426,0.44122713967532107
legacy-docs-adr-readme-theme-composition,1532,technical-docs,gfm,reuse,bun,no,7678.005755278908,7644.491615853658,7687.268309049079,0.19322629214951714
rust-book-ch03-04-comments,393,technical-docs,gfm,reuse,v2,no,639.0201401850222,636.3672232824428,649.0708548498822,1.0
rust-book-ch03-04-comments,393,technical-docs,gfm,reuse,ox-content,no,694.8085996994857,690.3358343090264,701.1717025153912,0.9197067227743111
rust-book-ch03-04-comments,393,technical-docs,gfm,reuse,v1,no,817.2151275837462,810.8910018904849,828.2527978666751,0.7819484963211686
rust-book-ch03-04-comments,393,technical-docs,gfm,reuse,md4c,no,1880.4790940373186,1868.4315198112577,1906.437815016068,0.3398177316680877
rust-book-ch03-04-comments,393,technical-docs,gfm,reuse,pulldown-cmark,no,1209.6524268617022,1200.8090834275972,1220.0566567613669,0.5282675634710072
rust-book-ch03-04-comments,393,technical-docs,gfm,reuse,bun,no,2555.8168174977045,2541.8544560328337,2582.04034177441,0.2500257983319245
rust-book-appendix-02-operators,22595,reference,gfm,reuse,v2,no,50394.583750000005,49891.52644230769,50868.125,1.0
rust-book-appendix-02-operators,22595,reference,gfm,reuse,ox-content,no,50129.244374999995,50028.671875,50601.432499999995,1.005293105417969
rust-book-appendix-02-operators,22595,reference,gfm,reuse,v1,no,56768.63469614624,56470.36345108696,57189.30082756917,0.8877187908382278
rust-book-appendix-02-operators,22595,reference,gfm,reuse,md4c,no,80899.33203125,80436.23828125,81175.3740234375,0.622929540759786
rust-book-appendix-02-operators,22595,reference,gfm,reuse,pulldown-cmark,no,64440.59296875,63581.73828125,64650.68359375,0.7820316578160368
rust-book-appendix-02-operators,22595,reference,gfm,reuse,bun,no,107426.64973958333,105354.32942708334,107464.68098958333,0.46910691036314794
rust-book-ch00-00-introduction,10839,technical-docs,gfm,reuse,v2,no,13425.01246675532,13343.244514627659,13479.040658602149,1.0
rust-book-ch00-00-introduction,10839,technical-docs,gfm,reuse,ox-content,no,13501.911122311827,13425.85672793697,13579.847110215054,0.9943046095578697
rust-book-ch00-00-introduction,10839,technical-docs,gfm,reuse,v1,no,15141.08000753012,15055.380997203098,15281.146722560976,0.8866614838623568
rust-book-ch00-00-introduction,10839,technical-docs,gfm,reuse,md4c,no,24059.650353773584,23715.34758254717,24126.49275444485,0.5579886768657759
rust-book-ch00-00-introduction,10839,technical-docs,gfm,reuse,pulldown-cmark,no,25426.759668367347,25344.4921875,25488.268125000002,0.5279875470509506
rust-book-ch00-00-introduction,10839,technical-docs,gfm,reuse,bun,no,59772.04315476191,59761.199912067095,60122.86086309524,0.2246035396848531
rust-book-ch17-00-async-await,9734,technical-docs,gfm,reuse,v2,no,6965.657638888889,6937.912950333794,7089.130208333333,1.0
rust-book-ch17-00-async-await,9734,technical-docs,gfm,reuse,ox-content,no,6989.875323459808,6958.476645948434,7042.844276685393,0.9965353195228478
rust-book-ch17-00-async-await,9734,technical-docs,gfm,reuse,v1,no,10553.790178571428,10473.073958333334,10605.932293521222,0.6600147928875887
rust-book-ch17-00-async-await,9734,technical-docs,gfm,reuse,md4c,no,18003.143526785716,17979.1109375,18021.000669642857,0.38691340923462264
rust-book-ch17-00-async-await,9734,technical-docs,gfm,reuse,pulldown-cmark,no,17960.09107142857,17776.830105633802,18006.463839285716,0.3878408862842604
rust-book-ch17-00-async-await,9734,technical-docs,gfm,reuse,bun,no,49949.55007211538,49809.269831730766,50745.859375,0.13945386152291903
vue-docs-ways-of-using-vue,5883,technical-docs,gfm,reuse,v2,no,6054.3019620227315,6024.80219343773,6078.8297936893205,1.0
vue-docs-ways-of-using-vue,5883,technical-docs,gfm,reuse,ox-content,no,6352.1695252012505,6349.411605746552,6361.676845789751,0.9531077434258051
vue-docs-ways-of-using-vue,5883,technical-docs,gfm,reuse,v1,no,6460.726079252578,6456.967541881444,6482.644511010363,0.9370931204566927
vue-docs-ways-of-using-vue,5883,technical-docs,gfm,reuse,md4c,no,12761.276429795404,12743.328548559575,12769.681280277262,0.4744276166518084
vue-docs-ways-of-using-vue,5883,technical-docs,gfm,reuse,pulldown-cmark,no,11349.585867117117,11348.723676801801,11384.051837633087,0.5334381388807953
vue-docs-ways-of-using-vue,5883,technical-docs,gfm,reuse,bun,no,31885.123828124997,31633.854296875,31956.01196915064,0.18987857769215866
vue-docs-suspense,8291,technical-docs,gfm,reuse,v2,no,9829.7578125,9711.659156976744,9844.502807617188,1.0
vue-docs-suspense,8291,technical-docs,gfm,reuse,ox-content,no,9870.893823818897,9805.130126953125,9928.454824982815,0.9958325950969472
vue-docs-suspense,8291,technical-docs,gfm,reuse,v1,no,14219.978160511364,14070.14083957553,14292.058771306818,0.691263917675842
vue-docs-suspense,8291,technical-docs,gfm,reuse,md4c,no,22280.602110745614,22163.30893640351,22449.765066964283,0.44118007958856953
vue-docs-suspense,8291,technical-docs,gfm,reuse,pulldown-cmark,no,19641.326904296875,19543.100522085337,19805.50146484375,0.5004630216887014
vue-docs-suspense,8291,technical-docs,gfm,reuse,bun,no,44286.14385775862,44194.7957974138,44559.69983451355,0.221960120169232
vue-docs-slots,24211,technical-docs,gfm,reuse,v2,no,32367.13782051282,32196.030849358973,32544.87219551282,1.0
vue-docs-slots,24211,technical-docs,gfm,reuse,ox-content,no,36553.44107142858,36162.295535714286,36708.147321428565,0.8854744415789649
vue-docs-slots,24211,technical-docs,gfm,reuse,v1,no,56081.21059782609,55339.56046195653,56330.86916378459,0.5771476306498898
vue-docs-slots,24211,technical-docs,gfm,reuse,md4c,no,82719.564453125,81874.8779296875,83163.4111328125,0.39128757549073445
vue-docs-slots,24211,technical-docs,gfm,reuse,pulldown-cmark,no,62150.453125,61886.93601190476,62668.25476190476,0.5207868357035863
vue-docs-slots,24211,technical-docs,gfm,reuse,bun,no,146385.70659722222,145569.59027777775,147387.15277777778,0.22110859436277103
vue-docs-reactivity-in-depth,24001,technical-docs,gfm,reuse,v2,no,27036.956781914894,26710.881981382976,27037.677526595748,1.0
vue-docs-reactivity-in-depth,24001,technical-docs,gfm,reuse,ox-content,no,28767.918323863636,28669.004616477272,28976.000355113636,0.9398301426449452
vue-docs-reactivity-in-depth,24001,technical-docs,gfm,reuse,v1,no,34864.33029513889,34768.15668402778,35452.56423611111,0.7754904956738733
vue-docs-reactivity-in-depth,24001,technical-docs,gfm,reuse,md4c,no,67342.65378289475,66683.86842105263,67753.11842105263,0.40148338776608133
vue-docs-reactivity-in-depth,24001,technical-docs,gfm,reuse,pulldown-cmark,no,53727.620442708336,53528.26627604167,54313.020578577896,0.5032226731638964
vue-docs-reactivity-in-depth,24001,technical-docs,gfm,reuse,bun,no,139656.90104166666,139019.6402777778,140131.87152777778,0.1935955658492552
vite-docs-philosophy,3575,technical-docs,gfm,reuse,v2,no,3655.4133544160145,3628.608106884058,3691.9458886430675,1.0
vite-docs-philosophy,3575,technical-docs,gfm,reuse,ox-content,no,3824.57315558104,3806.616831306991,3846.24848351227,0.9557702796407025
vite-docs-philosophy,3575,technical-docs,gfm,reuse,v1,no,4006.927384454104,3986.9459593949045,4032.4232456111918,0.9122734214246363
vite-docs-philosophy,3575,technical-docs,gfm,reuse,md4c,no,8103.603830645161,8091.675100806451,8230.61345996732,0.4510849038044586
vite-docs-philosophy,3575,technical-docs,gfm,reuse,pulldown-cmark,no,7173.125089285714,7166.685267857143,7228.210763612053,0.5095984398593575
vite-docs-philosophy,3575,technical-docs,gfm,reuse,bun,no,18698.923095917475,18636.319348798286,18874.961054104475,0.19548790781508155
vite-docs-performance,8184,technical-docs,gfm,reuse,v2,no,8911.730828900709,8869.961267605635,8958.7890625,1.0
vite-docs-performance,8184,technical-docs,gfm,reuse,ox-content,no,9130.006984389876,9107.9408934333,9202.061365359328,0.976092443755808
vite-docs-performance,8184,technical-docs,gfm,reuse,v1,no,10961.482667095728,10924.286820652174,11014.334292763157,0.8130041436503858
vite-docs-performance,8184,technical-docs,gfm,reuse,md4c,no,19228.170217803032,19157.4140625,19378.545673076922,0.4634726408157907
vite-docs-performance,8184,technical-docs,gfm,reuse,pulldown-cmark,no,17809.675616197183,17653.178036971833,17875.130036468814,0.5003870379759106
vite-docs-performance,8184,technical-docs,gfm,reuse,bun,no,43138.77456896551,42795.3125,43399.12243175287,0.2065828461272959
vite-docs-api-plugin,31890,reference,gfm,reuse,v2,no,72129.77430555556,70851.49045138888,72417.60590277778,1.0
vite-docs-api-plugin,31890,reference,gfm,reuse,ox-content,no,73150.89756944444,73060.47482638888,73236.07465277778,0.9860408648722391
vite-docs-api-plugin,31890,reference,gfm,reuse,v1,no,68967.51644736843,68714.02138157895,69522.25210160819,1.0458514097807243
vite-docs-api-plugin,31890,reference,gfm,reuse,md4c,no,115253.49147727272,115035.62926136363,115902.28551136365,0.6258359150861743
vite-docs-api-plugin,31890,reference,gfm,reuse,pulldown-cmark,no,92567.10491071429,91515.43861607142,92969.58816964286,0.7792160549379655
vite-docs-api-plugin,31890,reference,gfm,reuse,bun,no,192008.09375,191286.17857142858,193115.70089285716,0.37566007191066947
vite-docs-features,39739,technical-docs,gfm,reuse,v2,no,69709.247624269,67591.76233552632,69948.31642909357,1.0
vite-docs-features,39739,technical-docs,gfm,reuse,ox-content,no,70376.84461805556,70360.37413194444,73265.11892361111,0.990513968089793
vite-docs-features,39739,technical-docs,gfm,reuse,v1,no,88146.96145833333,86998.4375,89325.84598214286,0.7908298422427216
vite-docs-features,39739,technical-docs,gfm,reuse,md4c,no,143093.171875,142432.58159722222,145213.75868055556,0.4871598463493701
vite-docs-features,39739,technical-docs,gfm,reuse,pulldown-cmark,no,122305.98863636365,120972.95170454546,123593.39488636363,0.5699577625060238
vite-docs-features,39739,technical-docs,gfm,reuse,bun,no,251272.78749999998,250060.153125,252241.928125,0.27742458034485334
typescript-handbook-the-handbook,5337,technical-docs,gfm,reuse,v2,no,5377.743830472104,5363.342041114138,5433.311891233766,1.0
typescript-handbook-the-handbook,5337,technical-docs,gfm,reuse,ox-content,no,5591.092822420635,5573.133680555556,5609.897561659192,0.9618412716932568
typescript-handbook-the-handbook,5337,technical-docs,gfm,reuse,v1,no,5088.559449619928,5049.846679560986,5115.140402172465,1.0568303040802196
typescript-handbook-the-handbook,5337,technical-docs,gfm,reuse,md4c,no,10537.689206932773,10451.334765625,10610.519861175402,0.5103342606587858
typescript-handbook-the-handbook,5337,technical-docs,gfm,reuse,pulldown-cmark,no,9198.78298340892,9174.553059756065,9293.400511471951,0.5846147082903784
typescript-handbook-the-handbook,5337,technical-docs,gfm,reuse,bun,no,26770.251329787236,26558.799222905585,26900.293550531915,0.20088507067874603
typescript-handbook-advanced-types,36745,reference,gfm,reuse,v2,no,60600.66369047619,60540.736607142855,60763.54761904762,1.0
typescript-handbook-advanced-types,36745,reference,gfm,reuse,ox-content,no,57720.46590909091,56936.50237771739,58027.728693181816,1.0498990736824882
typescript-handbook-advanced-types,36745,reference,gfm,reuse,v1,no,57144.58914896245,55937.046875,57991.89133522727,1.0604794713372525
typescript-handbook-advanced-types,36745,reference,gfm,reuse,md4c,no,122272.72727272726,121636.24573863637,122823.09375,0.4956188108514782
typescript-handbook-advanced-types,36745,reference,gfm,reuse,pulldown-cmark,no,93319.80133928571,92764.41517857142,93434.33705357142,0.6493869770484023
typescript-handbook-advanced-types,36745,reference,gfm,reuse,bun,no,196218.65625,195974.33035714284,196971.63392857142,0.30884251706048566
typescript-handbook-compiler-options,54026,reference,gfm,reuse,v2,no,25419.557187500002,25314.21875,25457.0834375,1.0
typescript-handbook-compiler-options,54026,reference,gfm,reuse,ox-content,no,25611.91262755102,25505.809897959185,25796.17091836735,0.9924896104852358
typescript-handbook-compiler-options,54026,reference,gfm,reuse,v1,no,25250.69,25230.6640625,25531.790975765307,1.006687626654955
typescript-handbook-compiler-options,54026,reference,gfm,reuse,md4c,no,100040.26322115384,99749.29927884616,100644.98076923078,0.2540932657414775
typescript-handbook-compiler-options,54026,reference,gfm,reuse,pulldown-cmark,no,50989.74,50676.588749999995,51241.744374999995,0.4985229810448142
typescript-handbook-compiler-options,54026,reference,gfm,reuse,bun,no,150338.75868055556,149501.30034722225,151394.74826388888,0.1690818615944027
typescript-handbook-typescript-5-0,50714,technical-docs,gfm,reuse,v2,no,71663.33940972222,68920.71052631579,73256.01710580065,1.0
typescript-handbook-typescript-5-0,50714,technical-docs,gfm,reuse,ox-content,no,72604.05815972222,68541.22121710525,72943.66998570261,0.9870431657149177
typescript-handbook-typescript-5-0,50714,technical-docs,gfm,reuse,v1,no,89855.55245535714,89253.22730654762,90467.44754464286,0.7975393556822953
typescript-handbook-typescript-5-0,50714,technical-docs,gfm,reuse,md4c,no,170571.77734375,168530.6796875,172195.314453125,0.42013597164612104
typescript-handbook-typescript-5-0,50714,technical-docs,gfm,reuse,pulldown-cmark,no,129000.32500000001,127494.4671875,130802.540625,0.5555283632791019
typescript-handbook-typescript-5-0,50714,technical-docs,gfm,reuse,bun,no,305432.29375,305304.428125,305477.8625,0.23462921529960915
wiki-rainbow-first-paragraph,859,encyclopedia,commonmark,reuse,v2,no,1335.2106963991905,1330.9030252659572,1338.277642109866,1.0
wiki-rainbow-first-paragraph,859,encyclopedia,commonmark,reuse,ox-content,no,1502.9251267444001,1484.3307569288875,1505.7347939139229,0.8884079936114259
wiki-rainbow-first-paragraph,859,encyclopedia,commonmark,reuse,v1,no,1834.2745160135128,1823.4370344988793,1847.028295790251,0.7279230479094516
wiki-rainbow-first-paragraph,859,encyclopedia,commonmark,reuse,md4c,no,3616.2716843127428,3548.9738527465474,3616.707686054913,0.3692230045080094
wiki-rainbow-first-paragraph,859,encyclopedia,commonmark,reuse,pulldown-cmark,no,2688.3324013423553,2658.682756104034,2691.2005833649364,0.49666875113080683
wiki-rainbow-first-paragraph,859,encyclopedia,commonmark,reuse,bun,no,5158.473765432099,5150.92736319824,5170.098281053379,0.2588383225570881
wiki-rainbow-lead,1859,encyclopedia,commonmark,reuse,v2,no,2153.1248117469877,2137.522346383509,2172.831197020305,1.0
wiki-rainbow-lead,1859,encyclopedia,commonmark,reuse,ox-content,no,2373.574088193516,2356.0070032956683,2375.1747405265587,0.9071234904597781
wiki-rainbow-lead,1859,encyclopedia,commonmark,reuse,v1,no,2811.4785868758336,2809.7746162833173,2822.064630519694,0.7658336157344094
wiki-rainbow-lead,1859,encyclopedia,commonmark,reuse,md4c,no,5691.897514204546,5654.909614047022,5708.8286818311535,0.3782789142590336
wiki-rainbow-lead,1859,encyclopedia,commonmark,reuse,pulldown-cmark,no,4647.981624037906,4634.481134259259,4658.924949413597,0.4632386669972403
wiki-rainbow-lead,1859,encyclopedia,commonmark,reuse,bun,no,10077.284357862904,9998.30009920635,10145.07724294355,0.21366121420072762
wiki-rainbow-article-body,48422,encyclopedia,commonmark,reuse,v2,no,47778.11516203704,47171.63368055556,47804.27719907407,1.0
wiki-rainbow-article-body,48422,encyclopedia,commonmark,reuse,ox-content,no,51966.771250000005,51947.53927083333,52078.3075,0.9193974151710845
wiki-rainbow-article-body,48422,encyclopedia,commonmark,reuse,v1,no,66882.91529605264,65386.6859375,66956.58634868421,0.7143545545308616
wiki-rainbow-article-body,48422,encyclopedia,commonmark,reuse,md4c,no,113550.50911458334,112257.92057291666,114294.80397727274,0.42076530994523625
wiki-rainbow-article-body,48422,encyclopedia,commonmark,reuse,pulldown-cmark,no,104266.47716346153,103795.92427884616,104287.59765625,0.45823083757911875
wiki-rainbow-article-body,48422,encyclopedia,commonmark,reuse,bun,no,288660.415625,287939.584375,289865.365625,0.16551668526697402
wiki-rainbow-plain-prose,38800,plain-prose,commonmark,reuse,v2,yes,8991.626884474563,8988.563274826567,9024.959757194243,1.0
wiki-rainbow-plain-prose,38800,plain-prose,commonmark,reuse,ox-content,yes,9026.453799460432,8910.51640070922,9054.123541927329,0.996141683571465
wiki-rainbow-plain-prose,38800,plain-prose,commonmark,reuse,v1,yes,10088.578713709678,10076.239625,10113.570060483871,0.891267951575336
wiki-rainbow-plain-prose,38800,plain-prose,commonmark,reuse,md4c,yes,42010.178125,41963.8234375,42226.62708333334,0.21403448606478773
wiki-rainbow-plain-prose,38800,plain-prose,commonmark,reuse,pulldown-cmark,yes,35146.88237847222,34987.72092013889,35233.45269097222,0.2558299990209662
wiki-rainbow-plain-prose,38800,plain-prose,commonmark,reuse,bun,yes,193878.62946428574,192354.25892857142,194384.02232142858,0.04637760700764034
wiki-tea-first-paragraph,1126,encyclopedia,commonmark,reuse,v2,no,2583.2098961129004,2561.100108209267,2588.991388310512,1.0
wiki-tea-first-paragraph,1126,encyclopedia,commonmark,reuse,ox-content,no,2866.496694664226,2859.7548678430926,2897.375972953994,0.9011731640651659
wiki-tea-first-paragraph,1126,encyclopedia,commonmark,reuse,v1,no,5221.725626020036,5147.721719150561,5233.94425770308,0.49470425700666426
wiki-tea-first-paragraph,1126,encyclopedia,commonmark,reuse,md4c,no,6059.203879830919,6039.48316110124,6060.258204205948,0.4263282680933629
wiki-tea-first-paragraph,1126,encyclopedia,commonmark,reuse,pulldown-cmark,no,4741.077769886364,4698.786657655374,4746.340190965995,0.5448571024336553
wiki-tea-first-paragraph,1126,encyclopedia,commonmark,reuse,bun,no,8063.489082532051,8045.4143629807695,8127.434772989107,0.320358826020973
wiki-tea-lead,6363,encyclopedia,commonmark,reuse,v2,no,12652.12673611111,12519.700468750001,12734.032986111111,1.0
wiki-tea-lead,6363,encyclopedia,commonmark,reuse,ox-content,no,14135.943293539327,14035.191165340198,14187.514571629214,0.8950323634853304
wiki-tea-lead,6363,encyclopedia,commonmark,reuse,v1,no,39309.67236328125,39046.63825757576,39363.60693359375,0.32185785267264977
wiki-tea-lead,6363,encyclopedia,commonmark,reuse,md4c,no,28123.321875,27962.456597222223,28166.825694444444,0.44988023791592396
wiki-tea-lead,6363,encyclopedia,commonmark,reuse,pulldown-cmark,no,24627.131740196077,24277.569110576922,24698.950980392157,0.5137474745165096
wiki-tea-lead,6363,encyclopedia,commonmark,reuse,bun,no,43563.26346982759,43190.890625,43641.02909482759,0.2904311047512342
wiki-tea-article-body,58814,encyclopedia,commonmark,reuse,v2,no,85671.57083333333,83439.67317708334,86354.07916666666,1.0
wiki-tea-article-body,58814,encyclopedia,commonmark,reuse,ox-content,no,92541.85267857143,92116.58147321429,92600.30580357143,0.9257602733640867
wiki-tea-article-body,58814,encyclopedia,commonmark,reuse,v1,no,146239.8020833333,145392.79513888888,148985.96701388888,0.5858293680164736
wiki-tea-article-body,58814,encyclopedia,commonmark,reuse,md4c,no,182055.33928571426,180448.84598214284,182356.49330357142,0.47057983121759456
wiki-tea-article-body,58814,encyclopedia,commonmark,reuse,pulldown-cmark,no,168516.111328125,167675.78125,170086.181640625,0.5083880120311969
wiki-tea-article-body,58814,encyclopedia,commonmark,reuse,bun,no,381134.59765625,380985.67578125,381862.140625,0.22478035675628058
wiki-tea-plain-prose,40577,plain-prose,commonmark,reuse,v2,yes,12147.457675970873,11973.59255952381,12202.284435679612,1.0
wiki-tea-plain-prose,40577,plain-prose,commonmark,reuse,ox-content,yes,12298.215533088234,12226.783828883494,12328.552696078432,0.9877414852006985
wiki-tea-plain-prose,40577,plain-prose,commonmark,reuse,v1,yes,12649.772411616163,12566.71875,12673.453125,0.9602906108267988
wiki-tea-plain-prose,40577,plain-prose,commonmark,reuse,md4c,yes,45405.13392857143,45116.60658482143,45684.47712053571,0.2675348936329647
wiki-tea-plain-prose,40577,plain-prose,commonmark,reuse,pulldown-cmark,yes,38613.438920454544,38458.66903409091,38692.452178030304,0.31459144835545966
wiki-tea-plain-prose,40577,plain-prose,commonmark,reuse,bun,yes,207789.76078869047,207772.6919642857,207910.11123511905,0.05846032850638919
wiki-chess-first-paragraph,1190,encyclopedia,commonmark,reuse,v2,no,1959.2133696192743,1954.0160888671876,1964.4202824951697,1.0
wiki-chess-first-paragraph,1190,encyclopedia,commonmark,reuse,ox-content,no,2214.980979656918,2185.5992679195806,2227.6632888017148,0.8845283041314153
wiki-chess-first-paragraph,1190,encyclopedia,commonmark,reuse,v1,no,3409.3521534490824,3380.143243243243,3420.016137295082,0.5746585513723567
wiki-chess-first-paragraph,1190,encyclopedia,commonmark,reuse,md4c,no,5077.657123798592,5057.974231350807,5122.918289718551,0.3858498756122367
wiki-chess-first-paragraph,1190,encyclopedia,commonmark,reuse,pulldown-cmark,no,4005.256053455497,3979.4374503968256,4030.9708469034326,0.48916057886710673
wiki-chess-first-paragraph,1190,encyclopedia,commonmark,reuse,bun,no,7265.824512283238,7222.977999281609,7310.050962936047,0.2696477689912723
wiki-chess-lead,4125,encyclopedia,commonmark,reuse,v2,no,6286.895074199121,6284.534704773869,6385.202405097509,1.0
wiki-chess-lead,4125,encyclopedia,commonmark,reuse,ox-content,no,7107.07412997159,7085.926553672316,7187.944666974548,0.8845968058341123
wiki-chess-lead,4125,encyclopedia,commonmark,reuse,v1,no,10228.647821079901,10205.776676829268,10324.508505791899,0.6146359894455116
wiki-chess-lead,4125,encyclopedia,commonmark,reuse,md4c,no,15239.015034987511,15234.665097891568,15590.181327160493,0.41255258688077495
wiki-chess-lead,4125,encyclopedia,commonmark,reuse,pulldown-cmark,no,13078.7353515625,13076.1650390625,13291.857913983764,0.48069594690957895
wiki-chess-lead,4125,encyclopedia,commonmark,reuse,bun,no,25339.700624999998,25023.879999999997,25580.622767857145,0.24810455211126323
wiki-chess-article-body,113609,encyclopedia,commonmark,reuse,v2,no,176784.017578125,174585.611328125,177993.1640625,1.0
wiki-chess-article-body,113609,encyclopedia,commonmark,reuse,ox-content,no,191697.73214285716,188453.3125,192447.171875,0.9222019248844417
wiki-chess-article-body,113609,encyclopedia,commonmark,reuse,v1,no,242006.9453125,241254.3411458333,243306.9661458333,0.7304915044890402
wiki-chess-article-body,113609,encyclopedia,commonmark,reuse,md4c,no,354461.91796875,348747.88671875,356734.5390625,0.4987390989452091
wiki-chess-article-body,113609,encyclopedia,commonmark,reuse,pulldown-cmark,no,318391.6015625,317777.671875,324468.26171875,0.5552408314495771
wiki-chess-article-body,113609,encyclopedia,commonmark,reuse,bun,no,741303.390625,740490.234375,747604.4921875,0.23847728179022182
wiki-chess-plain-prose,80966,plain-prose,commonmark,reuse,v2,yes,28449.006336805556,28138.83090277778,28449.120438762628,1.0
wiki-chess-plain-prose,80966,plain-prose,commonmark,reuse,ox-content,yes,28495.20695233586,28430.45703125,28512.014914772728,0.9983786530974286
wiki-chess-plain-prose,80966,plain-prose,commonmark,reuse,v1,yes,30054.81175595238,30043.01525297619,30273.003348214283,0.9465707710237515
wiki-chess-plain-prose,80966,plain-prose,commonmark,reuse,md4c,yes,96221.60456730769,95708.14732142858,97259.81610576923,0.29566131706840615
wiki-chess-plain-prose,80966,plain-prose,commonmark,reuse,pulldown-cmark,yes,81961.791015625,81768.06640625,82802.6943359375,0.3471008378938682
wiki-chess-plain-prose,80966,plain-prose,commonmark,reuse,bun,yes,427576.609375,422709.421875,430064.2395833334,0.06653545987557696
wiki-volcano-first-paragraph,2644,encyclopedia,commonmark,reuse,v2,no,3663.830014384079,3654.7332115098543,3683.9518382352944,1.0
wiki-volcano-first-paragraph,2644,encyclopedia,commonmark,reuse,ox-content,no,4193.216227785291,4165.159273774917,4210.672496073712,0.8737517493389995
wiki-volcano-first-paragraph,2644,encyclopedia,commonmark,reuse,v1,no,8684.766960757901,8684.526219019397,8742.061536336927,0.4218685464951548
wiki-volcano-first-paragraph,2644,encyclopedia,commonmark,reuse,md4c,no,9340.82546123549,9267.425828056917,9352.869519589553,0.3922383551206482
wiki-volcano-first-paragraph,2644,encyclopedia,commonmark,reuse,pulldown-cmark,no,7691.562020705522,7659.842701981707,7762.868105278545,0.47634407738260787
wiki-volcano-first-paragraph,2644,encyclopedia,commonmark,reuse,bun,no,15403.907774390245,15388.386051829268,15438.476171992623,0.2378506849070712
wiki-volcano-lead,4232,encyclopedia,commonmark,reuse,v2,no,4886.787414550781,4884.325622558594,4953.733367986934,1.0
wiki-volcano-lead,4232,encyclopedia,commonmark,reuse,ox-content,no,5567.103611111112,5549.72049625123,5587.707449776786,0.8777971016737464
wiki-volcano-lead,4232,encyclopedia,commonmark,reuse,v1,no,10346.90218233471,10287.205430327867,10421.310807291666,0.472294734060017
wiki-volcano-lead,4232,encyclopedia,commonmark,reuse,md4c,no,12762.80019583591,12701.961016414141,12801.478794642859,0.38289304381221784
wiki-volcano-lead,4232,encyclopedia,commonmark,reuse,pulldown-cmark,no,10758.168669871795,10750.233840811965,10864.415167025862,0.45423970979709666
wiki-volcano-lead,4232,encyclopedia,commonmark,reuse,bun,no,23740.455483490565,23667.280955188682,23824.783903301886,0.20584219278981902
wiki-volcano-article-body,69241,encyclopedia,commonmark,reuse,v2,no,100335.08653846153,99746.84495192308,103565.30408653847,1.0
wiki-volcano-article-body,69241,encyclopedia,commonmark,reuse,ox-content,no,109849.06640625,109250.9765625,110320.20442708334,0.9133904349027115
wiki-volcano-article-body,69241,encyclopedia,commonmark,reuse,v1,no,151603.58680555556,151139.46701388888,153018.44618055556,0.661825281661375
wiki-volcano-article-body,69241,encyclopedia,commonmark,reuse,md4c,no,212541.7760416667,212412.6484375,212930.33854166666,0.4720723069463381
wiki-volcano-article-body,69241,encyclopedia,commonmark,reuse,pulldown-cmark,no,197140.4375,195940.56696428574,197469.12276785716,0.508952337789458
wiki-volcano-article-body,69241,encyclopedia,commonmark,reuse,bun,no,440856.765625,440295.5729166666,445630.4270833334,0.227591123380441
wiki-volcano-plain-prose,47303,plain-prose,commonmark,reuse,v2,yes,15491.349207693467,15484.101658950618,15596.997299382716,1.0
wiki-volcano-plain-prose,47303,plain-prose,commonmark,reuse,ox-content,yes,15701.651953125,15438.829823471846,15833.786590189873,0.9866063299543666
wiki-volcano-plain-prose,47303,plain-prose,commonmark,reuse,v1,yes,17243.328981164384,17101.817778716217,17244.051369863013,0.8983966625362957
wiki-volcano-plain-prose,47303,plain-prose,commonmark,reuse,md4c,yes,54828.23845108696,54482.729704483696,55195.96331521739,0.28254325955617776
wiki-volcano-plain-prose,47303,plain-prose,commonmark,reuse,pulldown-cmark,yes,48053.48929398148,47418.13715277778,48182.316706730766,0.3223771974792619
wiki-volcano-plain-prose,47303,plain-prose,commonmark,reuse,bun,yes,241844.9453125,239366.1015625,243670.6822916667,0.06405488106305599
